,Destination Port,Duration,Total Fwd Packets,Total Backward Packets,Total Length of Fwd Packets,Fwd Packet Length Min,Fwd Packet Length Max,Fwd Packet Length Mean,Fwd Packet Length Std,Bwd Packet Length Min,Bwd Packet Length Max,Bwd Packet Length Std,Flow Bytes/s,Flow Packets/s,Flow IAT Mean,Flow IAT Std,Flow IAT Max,Flow IAT Min,Fwd IAT Total,Fwd IAT Mean,Fwd IAT Std,Fwd IAT Max,Fwd IAT Min,Bwd IAT Total,Bwd IAT Max,Fwd PSH Flags,Fwd Header Length,Fwd Packets/s,Bwd Packets/s,Min Packet Length,Max Packet Length,Mean Packet Length,Packet Length Std,Packet Length Variance,FIN Flag Count,SYN Flag Count,RST Flag Count,PSH Flag Count,ACK Flag Count,URG Flag Count,Average Packet Size,Avg Fwd Segment Size,Avg Bwd Segment Size,Subflow Fwd Packets,Subflow Fwd Bytes,Subflow Bwd Packets,Subflow Bwd Bytes,Init_Win_bytes_forward,Init_Win_bytes_backward,act_data_pkt_fwd,Min Header size_forward,Idle Mean,Idle Std,Idle Max,Idle Min
0,1,,,,8,8,8,8,,,,,8,,,,,,,,,224,224,,224,0,,,,8,8,8,,,225,,0,0,225,0,8,0,,,8,,,54,,,8,0,0,0,0
1,218,,,,8,8,8,8,,,,,8,,,,,,,,,225,225,,225,0,,,,8,8,8,,,225,,0,0,225,0,8,0,,,8,,,14,,,8,0,0,0,0
2,0,,,,8,8,8,8,,,,,8,,,,,,,,,122,122,,122,0,,,,8,8,8,,,225,,0,0,225,0,8,0,,,8,,,54,,,8,0,0,0,0
3,173,,,,8,8,8,8,,,,,8,,,,,,,,,122,122,,122,0,,,,8,8,8,,,225,,0,0,225,0,8,0,,,8,,,55,,,8,0,0,0,0
4,1,,,,8,8,8,8,,,,,8,,,,,,,,,103,103,,103,0,,,,8,8,8,,,225,,0,0,225,0,8,0,,,8,,,54,,,8,0,0,0,0
5,192,,,,8,8,8,8,,,,,8,,,,,,,,,103,103,,103,0,,,,8,8,8,,,225,,0,0,225,0,8,0,,,8,,,52,,,8,0,0,0,0
6,192,,,,0,0,0,0,,,,,0,,,,,,,,,103,103,,103,0,,,,0,0,0,,,0,,225,0,0,0,0,0,,,0,,,0,,,0,0,0,0,0
7,192,,,,0,0,0,0,,,,,0,,,,,,,,,103,103,,103,0,,,,0,0,0,,,0,,225,0,0,0,0,0,,,0,,,0,,,0,0,0,0,0
8,218,,,,8,8,8,8,,,,,8,,,,,,,,,225,225,,225,0,,,,8,8,8,,,225,,0,0,225,0,8,0,,,8,,,14,,,8,0,0,0,0
9,1,,,,8,8,8,8,,,,,8,,,,,,,,,224,224,,224,0,,,,8,8,8,,,225,,0,0,225,0,8,0,,,8,,,54,,,8,0,0,0,0
10,0,,,,8,8,8,8,,,,,8,,,,,,,,,122,122,,122,0,,,,8,8,8,,,225,,0,0,225,0,8,0,,,8,,,54,,,8,0,0,0,0
11,173,,,,8,8,8,8,,,,,8,,,,,,,,,122,122,,122,0,,,,8,8,8,,,225,,0,0,225,0,8,0,,,8,,,55,,,8,0,0,0,0
12,192,,,,8,8,8,8,,,,,8,,,,,,,,,103,103,,103,0,,,,8,8,8,,,225,,0,0,225,0,8,0,,,8,,,52,,,8,0,0,0,0
13,1,,,,8,8,8,8,,,,,8,,,,,,,,,103,103,,103,0,,,,8,8,8,,,225,,0,0,225,0,8,0,,,8,,,54,,,8,0,0,0,0
14,192,,,,0,0,0,0,,,,,0,,,,,,,,,103,103,,103,0,,,,0,0,0,,,0,,225,0,0,0,0,0,,,0,,,0,,,0,0,0,0,0
15,192,,,,0,0,0,0,,,,,0,,,,,,,,,103,103,,103,0,,,,0,0,0,,,0,,225,0,0,0,0,0,,,0,,,0,,,0,0,0,0,0
16,1,,,,8,8,8,8,,,,,8,,,,,,,,,224,224,,224,0,,,,8,8,8,,,225,,0,0,225,0,8,0,,,8,,,54,,,8,0,0,0,0
17,218,,,,8,8,8,8,,,,,8,,,,,,,,,225,225,,225,0,,,,8,8,8,,,225,,0,0,225,0,8,0,,,8,,,14,,,8,0,0,0,0
18,0,,,,8,8,8,8,,,,,8,,,,,,,,,122,122,,122,0,,,,8,8,8,,,225,,0,0,225,0,8,0,,,8,,,54,,,8,0,0,0,0
19,173,,,,8,8,8,8,,,,,8,,,,,,,,,122,122,,122,0,,,,8,8,8,,,225,,0,0,225,0,8,0,,,8,,,55,,,8,0,0,0,0
20,1,,,,8,8,8,8,,,,,8,,,,,,,,,103,103,,103,0,,,,8,8,8,,,225,,0,0,225,0,8,0,,,8,,,54,,,8,0,0,0,0
21,192,,,,0,0,0,0,,,,,0,,,,,,,,,103,103,,103,0,,,,0,0,0,,,0,,225,0,0,0,0,0,,,0,,,0,,,0,0,0,0,0
22,192,,,,8,8,8,8,,,,,8,,,,,,,,,103,103,,103,0,,,,8,8,8,,,225,,0,0,225,0,8,0,,,8,,,52,,,8,0,0,0,0
23,192,,,,0,0,0,0,,,,,0,,,,,,,,,103,103,,103,0,,,,0,0,0,,,0,,225,0,0,0,0,0,,,0,,,0,,,0,0,0,0,0
24,1,,,,8,8,8,8,,,,,8,,,,,,,,,224,224,,224,0,,,,8,8,8,,,225,,0,0,225,0,8,0,,,8,,,54,,,8,0,0,0,0
25,218,,,,8,8,8,8,,,,,8,,,,,,,,,225,225,,225,0,,,,8,8,8,,,225,,0,0,225,0,8,0,,,8,,,14,,,8,0,0,0,0
26,173,,,,8,8,8,8,,,,,8,,,,,,,,,122,122,,122,0,,,,8,8,8,,,225,,0,0,225,0,8,0,,,8,,,55,,,8,0,0,0,0
27,0,,,,8,8,8,8,,,,,8,,,,,,,,,122,122,,122,0,,,,8,8,8,,,225,,0,0,225,0,8,0,,,8,,,54,,,8,0,0,0,0
28,192,,,,0,0,0,0,,,,,0,,,,,,,,,103,103,,103,0,,,,0,0,0,,,0,,225,0,0,0,0,0,,,0,,,0,,,0,0,0,0,0
29,1,,,,8,8,8,8,,,,,8,,,,,,,,,103,103,,103,0,,,,8,8,8,,,225,,0,0,225,0,8,0,,,8,,,54,,,8,0,0,0,0
30,192,,,,8,8,8,8,,,,,8,,,,,,,,,103,103,,103,0,,,,8,8,8,,,225,,0,0,225,0,8,0,,,8,,,52,,,8,0,0,0,0
31,192,,,,0,0,0,0,,,,,0,,,,,,,,,103,103,,103,0,,,,0,0,0,,,0,,225,0,0,0,0,0,,,0,,,0,,,0,0,0,0,0
32,0,,,,8,8,8,8,,,,,8,,,,,,,,,122,122,,122,0,,,,8,8,8,,,225,,0,0,225,0,8,0,,,8,,,54,,,8,0,0,0,0
33,173,,,,8,8,8,8,,,,,8,,,,,,,,,122,122,,122,0,,,,8,8,8,,,225,,0,0,225,0,8,0,,,8,,,55,,,8,0,0,0,0
34,192,,,,8,8,8,8,,,,,8,,,,,,,,,103,103,,103,0,,,,8,8,8,,,225,,0,0,225,0,8,0,,,8,,,52,,,8,0,0,0,0
35,1,,,,8,8,8,8,,,,,8,,,,,,,,,103,103,,103,0,,,,8,8,8,,,225,,0,0,225,0,8,0,,,8,,,54,,,8,0,0,0,0
36,192,,,,0,0,0,0,,,,,0,,,,,,,,,103,103,,103,0,,,,0,0,0,,,0,,225,0,0,0,0,0,,,0,,,0,,,0,0,0,0,0
37,192,,,,0,0,0,0,,,,,0,,,,,,,,,103,103,,103,0,,,,0,0,0,,,0,,225,0,0,0,0,0,,,0,,,0,,,0,0,0,0,0
38,173,,,,8,8,8,8,,,,,8,,,,,,,,,122,122,,122,0,,,,8,8,8,,,225,,0,0,225,0,8,0,,,8,,,55,,,8,0,0,0,0
39,0,,,,8,8,8,8,,,,,8,,,,,,,,,122,122,,122,0,,,,8,8,8,,,225,,0,0,225,0,8,0,,,8,,,54,,,8,0,0,0,0
40,192,,,,0,0,0,0,,,,,0,,,,,,,,,103,103,,103,0,,,,0,0,0,,,0,,225,0,0,0,0,0,,,0,,,0,,,0,0,0,0,0
41,1,,,,8,8,8,8,,,,,8,,,,,,,,,103,103,,103,0,,,,8,8,8,,,225,,0,0,225,0,8,0,,,8,,,54,,,8,0,0,0,0
42,192,,,,8,8,8,8,,,,,8,,,,,,,,,103,103,,103,0,,,,8,8,8,,,225,,0,0,225,0,8,0,,,8,,,52,,,8,0,0,0,0
43,192,,,,0,0,0,0,,,,,0,,,,,,,,,103,103,,103,0,,,,0,0,0,,,0,,225,0,0,0,0,0,,,0,,,0,,,0,0,0,0,0
44,173,,,,8,8,8,8,,,,,8,,,,,,,,,122,122,,122,0,,,,8,8,8,,,225,,0,0,225,0,8,0,,,8,,,55,,,8,0,0,0,0
45,0,,,,8,8,8,8,,,,,8,,,,,,,,,122,122,,122,0,,,,8,8,8,,,225,,0,0,225,0,8,0,,,8,,,54,,,8,0,0,0,0
46,192,,,,0,0,0,0,,,,,0,,,,,,,,,103,103,,103,0,,,,0,0,0,,,0,,225,0,0,0,0,0,,,0,,,0,,,0,0,0,0,0
47,1,,,,8,8,8,8,,,,,8,,,,,,,,,103,103,,103,0,,,,8,8,8,,,225,,0,0,225,0,8,0,,,8,,,54,,,8,0,0,0,0
48,192,,,,8,8,8,8,,,,,8,,,,,,,,,103,103,,103,0,,,,8,8,8,,,225,,0,0,225,0,8,0,,,8,,,52,,,8,0,0,0,0
49,192,,,,0,0,0,0,,,,,0,,,,,,,,,103,103,,103,0,,,,0,0,0,,,0,,225,0,0,0,0,0,,,0,,,0,,,0,0,0,0,0
50,1,,,,0,0,0,0,,,,,0,,,,,,,,,27,27,,27,0,,,,0,0,0,,,225,,0,0,225,0,0,0,,,0,,,54,,,0,0,0,0,0
51,198,,,,225,225,225,225,,,,,225,,,,,,,,,27,27,,27,225,,,,225,225,225,,,225,,0,225,225,0,225,225,,,225,,,112,,,225,0,0,0,0
52,225,,,,8,8,8,8,,,,,8,,,,,,,,,28,28,,28,0,,,,8,8,8,,,225,,0,0,225,0,8,0,,,8,,,22,,,8,0,0,0,0
53,1,,,,8,8,8,8,,,,,8,,,,,,,,,28,28,,28,0,,,,8,8,8,,,225,,0,0,225,0,8,0,,,8,,,54,,,8,0,0,0,0
54,173,,,,8,8,8,8,,,,,8,,,,,,,,,122,122,,122,0,,,,8,8,8,,,225,,0,0,225,0,8,0,,,8,,,55,,,8,0,0,0,0
55,0,,,,8,8,8,8,,,,,8,,,,,,,,,122,122,,122,0,,,,8,8,8,,,225,,0,0,225,0,8,0,,,8,,,54,,,8,0,0,0,0
56,192,,,,0,0,0,0,,,,,0,,,,,,,,,103,103,,103,0,,,,0,0,0,,,0,,225,0,0,0,0,0,,,0,,,0,,,0,0,0,0,0
57,192,,,,8,8,8,8,,,,,8,,,,,,,,,103,103,,103,0,,,,8,8,8,,,225,,0,0,225,0,8,0,,,8,,,52,,,8,0,0,0,0
58,1,,,,8,8,8,8,,,,,8,,,,,,,,,103,103,,103,0,,,,8,8,8,,,225,,0,0,225,0,8,0,,,8,,,54,,,8,0,0,0,0
59,192,,,,0,0,0,0,,,,,0,,,,,,,,,103,103,,103,0,,,,0,0,0,,,0,,225,0,0,0,0,0,,,0,,,0,,,0,0,0,0,0
60,1,,,,0,0,0,0,,,,,0,,,,,,,,,27,27,,27,0,,,,0,0,0,,,225,,0,0,225,0,0,0,,,0,,,54,,,0,0,0,0,0
61,198,,,,225,225,225,225,,,,,225,,,,,,,,,27,27,,27,225,,,,225,225,225,,,225,,0,225,225,0,225,225,,,225,,,112,,,225,0,0,0,0
62,225,,,,8,8,8,8,,,,,8,,,,,,,,,28,28,,28,0,,,,8,8,8,,,225,,0,0,225,0,8,0,,,8,,,22,,,8,0,0,0,0
63,1,,,,8,8,8,8,,,,,8,,,,,,,,,28,28,,28,0,,,,8,8,8,,,225,,0,0,225,0,8,0,,,8,,,54,,,8,0,0,0,0
64,0,,,,8,8,8,8,,,,,8,,,,,,,,,122,122,,122,0,,,,8,8,8,,,225,,0,0,225,0,8,0,,,8,,,54,,,8,0,0,0,0
65,173,,,,8,8,8,8,,,,,8,,,,,,,,,122,122,,122,0,,,,8,8,8,,,225,,0,0,225,0,8,0,,,8,,,55,,,8,0,0,0,0
66,192,,,,8,8,8,8,,,,,8,,,,,,,,,103,103,,103,0,,,,8,8,8,,,225,,0,0,225,0,8,0,,,8,,,52,,,8,0,0,0,0
67,1,,,,8,8,8,8,,,,,8,,,,,,,,,103,103,,103,0,,,,8,8,8,,,225,,0,0,225,0,8,0,,,8,,,54,,,8,0,0,0,0
68,192,,,,0,0,0,0,,,,,0,,,,,,,,,103,103,,103,0,,,,0,0,0,,,0,,225,0,0,0,0,0,,,0,,,0,,,0,0,0,0,0
69,192,,,,0,0,0,0,,,,,0,,,,,,,,,103,103,,103,0,,,,0,0,0,,,0,,225,0,0,0,0,0,,,0,,,0,,,0,0,0,0,0
70,225,,,,8,8,8,8,,,,,8,,,,,,,,,28,28,,28,0,,,,8,8,8,,,225,,0,0,225,0,8,0,,,8,,,22,,,8,0,0,0,0
71,198,,,,225,225,225,225,,,,,225,,,,,,,,,27,27,,27,225,,,,225,225,225,,,225,,0,225,225,0,225,225,,,225,,,112,,,225,0,0,0,0
72,1,,,,0,0,0,0,,,,,0,,,,,,,,,27,27,,27,0,,,,0,0,0,,,225,,0,0,225,0,0,0,,,0,,,54,,,0,0,0,0,0
73,1,,,,8,8,8,8,,,,,8,,,,,,,,,28,28,,28,0,,,,8,8,8,,,225,,0,0,225,0,8,0,,,8,,,54,,,8,0,0,0,0
74,173,,,,8,8,8,8,,,,,8,,,,,,,,,122,122,,122,0,,,,8,8,8,,,225,,0,0,225,0,8,0,,,8,,,55,,,8,0,0,0,0
75,0,,,,8,8,8,8,,,,,8,,,,,,,,,122,122,,122,0,,,,8,8,8,,,225,,0,0,225,0,8,0,,,8,,,54,,,8,0,0,0,0
76,192,,,,0,0,0,0,,,,,0,,,,,,,,,103,103,,103,0,,,,0,0,0,,,0,,225,0,0,0,0,0,,,0,,,0,,,0,0,0,0,0
77,192,,,,8,8,8,8,,,,,8,,,,,,,,,103,103,,103,0,,,,8,8,8,,,225,,0,0,225,0,8,0,,,8,,,52,,,8,0,0,0,0
78,1,,,,8,8,8,8,,,,,8,,,,,,,,,103,103,,103,0,,,,8,8,8,,,225,,0,0,225,0,8,0,,,8,,,54,,,8,0,0,0,0
79,192,,,,0,0,0,0,,,,,0,,,,,,,,,103,103,,103,0,,,,0,0,0,,,0,,225,0,0,0,0,0,,,0,,,0,,,0,0,0,0,0
80,198,,,,225,225,225,225,,,,,225,,,,,,,,,27,27,,27,225,,,,225,225,225,,,225,,0,225,225,0,225,225,,,225,,,112,,,225,0,0,0,0
81,1,,,,0,0,0,0,,,,,0,,,,,,,,,27,27,,27,0,,,,0,0,0,,,225,,0,0,225,0,0,0,,,0,,,54,,,0,0,0,0,0
82,225,,,,8,8,8,8,,,,,8,,,,,,,,,28,28,,28,0,,,,8,8,8,,,225,,0,0,225,0,8,0,,,8,,,22,,,8,0,0,0,0
83,1,,,,8,8,8,8,,,,,8,,,,,,,,,28,28,,28,0,,,,8,8,8,,,225,,0,0,225,0,8,0,,,8,,,54,,,8,0,0,0,0
84,173,,,,8,8,8,8,,,,,8,,,,,,,,,122,122,,122,0,,,,8,8,8,,,225,,0,0,225,0,8,0,,,8,,,55,,,8,0,0,0,0
85,0,,,,8,8,8,8,,,,,8,,,,,,,,,122,122,,122,0,,,,8,8,8,,,225,,0,0,225,0,8,0,,,8,,,54,,,8,0,0,0,0
86,192,,,,8,8,8,8,,,,,8,,,,,,,,,103,103,,103,0,,,,8,8,8,,,225,,0,0,225,0,8,0,,,8,,,52,,,8,0,0,0,0
87,192,,,,0,0,0,0,,,,,0,,,,,,,,,103,103,,103,0,,,,0,0,0,,,0,,225,0,0,0,0,0,,,0,,,0,,,0,0,0,0,0
88,1,,,,8,8,8,8,,,,,8,,,,,,,,,103,103,,103,0,,,,8,8,8,,,225,,0,0,225,0,8,0,,,8,,,54,,,8,0,0,0,0
89,192,,,,0,0,0,0,,,,,0,,,,,,,,,103,103,,103,0,,,,0,0,0,,,0,,225,0,0,0,0,0,,,0,,,0,,,0,0,0,0,0
90,198,,,,225,225,225,225,,,,,225,,,,,,,,,27,27,,27,225,,,,225,225,225,,,225,,0,225,225,0,225,225,,,225,,,112,,,225,0,0,0,0
91,1,,,,0,0,0,0,,,,,0,,,,,,,,,27,27,,27,0,,,,0,0,0,,,225,,0,0,225,0,0,0,,,0,,,54,,,0,0,0,0,0
92,225,,,,8,8,8,8,,,,,8,,,,,,,,,28,28,,28,0,,,,8,8,8,,,225,,0,0,225,0,8,0,,,8,,,22,,,8,0,0,0,0
93,1,,,,8,8,8,8,,,,,8,,,,,,,,,28,28,,28,0,,,,8,8,8,,,225,,0,0,225,0,8,0,,,8,,,54,,,8,0,0,0,0
94,173,,,,8,8,8,8,,,,,8,,,,,,,,,122,122,,122,0,,,,8,8,8,,,225,,0,0,225,0,8,0,,,8,,,55,,,8,0,0,0,0
95,0,,,,8,8,8,8,,,,,8,,,,,,,,,122,122,,122,0,,,,8,8,8,,,225,,0,0,225,0,8,0,,,8,,,54,,,8,0,0,0,0
96,1,,,,8,8,8,8,,,,,8,,,,,,,,,103,103,,103,0,,,,8,8,8,,,225,,0,0,225,0,8,0,,,8,,,54,,,8,0,0,0,0
97,192,,,,8,8,8,8,,,,,8,,,,,,,,,103,103,,103,0,,,,8,8,8,,,225,,0,0,225,0,8,0,,,8,,,52,,,8,0,0,0,0
98,192,,,,0,0,0,0,,,,,0,,,,,,,,,103,103,,103,0,,,,0,0,0,,,0,,225,0,0,0,0,0,,,0,,,0,,,0,0,0,0,0
99,192,,,,0,0,0,0,,,,,0,,,,,,,,,103,103,,103,0,,,,0,0,0,,,0,,225,0,0,0,0,0,,,0,,,0,,,0,0,0,0,0
100,198,,,,225,225,225,225,,,,,225,,,,,,,,,27,27,,27,225,,,,225,225,225,,,225,,0,225,225,0,225,225,,,225,,,112,,,225,0,0,0,0
101,225,,,,8,8,8,8,,,,,8,,,,,,,,,28,28,,28,0,,,,8,8,8,,,225,,0,0,225,0,8,0,,,8,,,22,,,8,0,0,0,0
102,1,,,,0,0,0,0,,,,,0,,,,,,,,,27,27,,27,0,,,,0,0,0,,,225,,0,0,225,0,0,0,,,0,,,54,,,0,0,0,0,0
103,1,,,,8,8,8,8,,,,,8,,,,,,,,,28,28,,28,0,,,,8,8,8,,,225,,0,0,225,0,8,0,,,8,,,54,,,8,0,0,0,0
104,173,,,,8,8,8,8,,,,,8,,,,,,,,,122,122,,122,0,,,,8,8,8,,,225,,0,0,225,0,8,0,,,8,,,55,,,8,0,0,0,0
105,0,,,,8,8,8,8,,,,,8,,,,,,,,,122,122,,122,0,,,,8,8,8,,,225,,0,0,225,0,8,0,,,8,,,54,,,8,0,0,0,0
106,192,,,,8,8,8,8,,,,,8,,,,,,,,,103,103,,103,0,,,,8,8,8,,,225,,0,0,225,0,8,0,,,8,,,52,,,8,0,0,0,0
107,192,,,,0,0,0,0,,,,,0,,,,,,,,,103,103,,103,0,,,,0,0,0,,,0,,225,0,0,0,0,0,,,0,,,0,,,0,0,0,0,0
108,1,,,,8,8,8,8,,,,,8,,,,,,,,,103,103,,103,0,,,,8,8,8,,,225,,0,0,225,0,8,0,,,8,,,54,,,8,0,0,0,0
109,192,,,,0,0,0,0,,,,,0,,,,,,,,,103,103,,103,0,,,,0,0,0,,,0,,225,0,0,0,0,0,,,0,,,0,,,0,0,0,0,0
110,198,,,,225,225,225,225,,,,,225,,,,,,,,,27,27,,27,225,,,,225,225,225,,,225,,0,225,225,0,225,225,,,225,,,112,,,225,0,0,0,0
111,1,,,,0,0,0,0,,,,,0,,,,,,,,,27,27,,27,0,,,,0,0,0,,,225,,0,0,225,0,0,0,,,0,,,54,,,0,0,0,0,0
112,225,,,,8,8,8,8,,,,,8,,,,,,,,,28,28,,28,0,,,,8,8,8,,,225,,0,0,225,0,8,0,,,8,,,22,,,8,0,0,0,0
113,1,,,,8,8,8,8,,,,,8,,,,,,,,,28,28,,28,0,,,,8,8,8,,,225,,0,0,225,0,8,0,,,8,,,54,,,8,0,0,0,0
114,173,,,,8,8,8,8,,,,,8,,,,,,,,,122,122,,122,0,,,,8,8,8,,,225,,0,0,225,0,8,0,,,8,,,55,,,8,0,0,0,0
115,0,,,,8,8,8,8,,,,,8,,,,,,,,,122,122,,122,0,,,,8,8,8,,,225,,0,0,225,0,8,0,,,8,,,54,,,8,0,0,0,0
116,198,,,,225,225,225,225,,,,,225,,,,,,,,,27,27,,27,225,,,,225,225,225,,,225,,0,225,225,0,225,225,,,225,,,112,,,225,0,0,0,0
117,1,,,,0,0,0,0,,,,,0,,,,,,,,,27,27,,27,0,,,,0,0,0,,,225,,0,0,225,0,0,0,,,0,,,54,,,0,0,0,0,0
118,225,,,,8,8,8,8,,,,,8,,,,,,,,,28,28,,28,0,,,,8,8,8,,,225,,0,0,225,0,8,0,,,8,,,22,,,8,0,0,0,0
119,1,,,,8,8,8,8,,,,,8,,,,,,,,,28,28,,28,0,,,,8,8,8,,,225,,0,0,225,0,8,0,,,8,,,54,,,8,0,0,0,0
120,192,,,,8,8,8,8,,,,,8,,,,,,,,,103,103,,103,0,,,,8,8,8,,,225,,0,0,225,0,8,0,,,8,,,52,,,8,0,0,0,0
121,192,,,,0,0,0,0,,,,,0,,,,,,,,,103,103,,103,0,,,,0,0,0,,,0,,225,0,0,0,0,0,,,0,,,0,,,0,0,0,0,0
122,1,,,,8,8,8,8,,,,,8,,,,,,,,,103,103,,103,0,,,,8,8,8,,,225,,0,0,225,0,8,0,,,8,,,54,,,8,0,0,0,0
123,192,,,,0,0,0,0,,,,,0,,,,,,,,,103,103,,103,0,,,,0,0,0,,,0,,225,0,0,0,0,0,,,0,,,0,,,0,0,0,0,0
124,0,,,,8,8,8,8,,,,,8,,,,,,,,,122,122,,122,0,,,,8,8,8,,,225,,0,0,225,0,8,0,,,8,,,54,,,8,0,0,0,0
125,173,,,,8,8,8,8,,,,,8,,,,,,,,,122,122,,122,0,,,,8,8,8,,,225,,0,0,225,0,8,0,,,8,,,55,,,8,0,0,0,0
126,1,,,,0,0,0,0,,,,,0,,,,,,,,,27,27,,27,0,,,,0,0,0,,,225,,0,0,225,0,0,0,,,0,,,54,,,0,0,0,0,0
127,198,,,,225,225,225,225,,,,,225,,,,,,,,,27,27,,27,225,,,,225,225,225,,,225,,0,225,225,0,225,225,,,225,,,112,,,225,0,0,0,0
128,225,,,,8,8,8,8,,,,,8,,,,,,,,,28,28,,28,0,,,,8,8,8,,,225,,0,0,225,0,8,0,,,8,,,22,,,8,0,0,0,0
129,1,,,,8,8,8,8,,,,,8,,,,,,,,,28,28,,28,0,,,,8,8,8,,,225,,0,0,225,0,8,0,,,8,,,54,,,8,0,0,0,0
130,192,,,,8,8,8,8,,,,,8,,,,,,,,,103,103,,103,0,,,,8,8,8,,,225,,0,0,225,0,8,0,,,8,,,52,,,8,0,0,0,0
131,192,,,,0,0,0,0,,,,,0,,,,,,,,,103,103,,103,0,,,,0,0,0,,,0,,225,0,0,0,0,0,,,0,,,0,,,0,0,0,0,0
132,1,,,,8,8,8,8,,,,,8,,,,,,,,,103,103,,103,0,,,,8,8,8,,,225,,0,0,225,0,8,0,,,8,,,54,,,8,0,0,0,0
133,192,,,,0,0,0,0,,,,,0,,,,,,,,,103,103,,103,0,,,,0,0,0,,,0,,225,0,0,0,0,0,,,0,,,0,,,0,0,0,0,0
134,0,,,,8,8,8,8,,,,,8,,,,,,,,,122,122,,122,0,,,,8,8,8,,,225,,0,0,225,0,8,0,,,8,,,54,,,8,0,0,0,0
135,173,,,,8,8,8,8,,,,,8,,,,,,,,,122,122,,122,0,,,,8,8,8,,,225,,0,0,225,0,8,0,,,8,,,55,,,8,0,0,0,0
136,198,,,,225,225,225,225,,,,,225,,,,,,,,,27,27,,27,225,,,,225,225,225,,,225,,0,225,225,0,225,225,,,225,,,112,,,225,0,0,0,0
137,225,,,,8,8,8,8,,,,,8,,,,,,,,,28,28,,28,0,,,,8,8,8,,,225,,0,0,225,0,8,0,,,8,,,22,,,8,0,0,0,0
138,1,,,,0,0,0,0,,,,,0,,,,,,,,,27,27,,27,0,,,,0,0,0,,,225,,0,0,225,0,0,0,,,0,,,54,,,0,0,0,0,0
139,1,,,,8,8,8,8,,,,,8,,,,,,,,,28,28,,28,0,,,,8,8,8,,,225,,0,0,225,0,8,0,,,8,,,54,,,8,0,0,0,0
140,192,,,,8,8,8,8,,,,,8,,,,,,,,,103,103,,103,0,,,,8,8,8,,,225,,0,0,225,0,8,0,,,8,,,52,,,8,0,0,0,0
141,192,,,,0,0,0,0,,,,,0,,,,,,,,,103,103,,103,0,,,,0,0,0,,,0,,225,0,0,0,0,0,,,0,,,0,,,0,0,0,0,0
142,1,,,,8,8,8,8,,,,,8,,,,,,,,,103,103,,103,0,,,,8,8,8,,,225,,0,0,225,0,8,0,,,8,,,54,,,8,0,0,0,0
143,192,,,,0,0,0,0,,,,,0,,,,,,,,,103,103,,103,0,,,,0,0,0,,,0,,225,0,0,0,0,0,,,0,,,0,,,0,0,0,0,0
144,1,,,,0,0,0,0,,,,,0,,,,,,,,,27,27,,27,0,,,,0,0,0,,,225,,0,0,225,0,0,0,,,0,,,54,,,0,0,0,0,0
145,198,,,,225,225,225,225,,,,,225,,,,,,,,,27,27,,27,225,,,,225,225,225,,,225,,0,225,225,0,225,225,,,225,,,112,,,225,0,0,0,0
146,225,,,,8,8,8,8,,,,,8,,,,,,,,,28,28,,28,0,,,,8,8,8,,,225,,0,0,225,0,8,0,,,8,,,22,,,8,0,0,0,0
147,1,,,,8,8,8,8,,,,,8,,,,,,,,,28,28,,28,0,,,,8,8,8,,,225,,0,0,225,0,8,0,,,8,,,54,,,8,0,0,0,0
148,173,,,,8,8,8,8,,,,,8,,,,,,,,,122,122,,122,0,,,,8,8,8,,,225,,0,0,225,0,8,0,,,8,,,55,,,8,0,0,0,0
149,0,,,,8,8,8,8,,,,,8,,,,,,,,,122,122,,122,0,,,,8,8,8,,,225,,0,0,225,0,8,0,,,8,,,54,,,8,0,0,0,0
150,192,,,,8,8,8,8,,,,,8,,,,,,,,,103,103,,103,0,,,,8,8,8,,,225,,0,0,225,0,8,0,,,8,,,52,,,8,0,0,0,0
151,192,,,,0,0,0,0,,,,,0,,,,,,,,,103,103,,103,0,,,,0,0,0,,,0,,225,0,0,0,0,0,,,0,,,0,,,0,0,0,0,0
152,1,,,,8,8,8,8,,,,,8,,,,,,,,,103,103,,103,0,,,,8,8,8,,,225,,0,0,225,0,8,0,,,8,,,54,,,8,0,0,0,0
153,192,,,,0,0,0,0,,,,,0,,,,,,,,,103,103,,103,0,,,,0,0,0,,,0,,225,0,0,0,0,0,,,0,,,0,,,0,0,0,0,0
154,173,,,,8,8,8,8,,,,,8,,,,,,,,,122,122,,122,0,,,,8,8,8,,,225,,0,0,225,0,8,0,,,8,,,55,,,8,0,0,0,0
155,0,,,,8,8,8,8,,,,,8,,,,,,,,,122,122,,122,0,,,,8,8,8,,,225,,0,0,225,0,8,0,,,8,,,54,,,8,0,0,0,0
156,198,,,,225,225,225,225,,,,,225,,,,,,,,,27,27,,27,225,,,,225,225,225,,,225,,0,225,225,0,225,225,,,225,,,112,,,225,0,0,0,0
157,1,,,,0,0,0,0,,,,,0,,,,,,,,,27,27,,27,0,,,,0,0,0,,,225,,0,0,225,0,0,0,,,0,,,54,,,0,0,0,0,0
158,225,,,,8,8,8,8,,,,,8,,,,,,,,,28,28,,28,0,,,,8,8,8,,,225,,0,0,225,0,8,0,,,8,,,22,,,8,0,0,0,0
159,1,,,,8,8,8,8,,,,,8,,,,,,,,,28,28,,28,0,,,,8,8,8,,,225,,0,0,225,0,8,0,,,8,,,54,,,8,0,0,0,0
160,192,,,,8,8,8,8,,,,,8,,,,,,,,,103,103,,103,0,,,,8,8,8,,,225,,0,0,225,0,8,0,,,8,,,52,,,8,0,0,0,0
161,1,,,,8,8,8,8,,,,,8,,,,,,,,,103,103,,103,0,,,,8,8,8,,,225,,0,0,225,0,8,0,,,8,,,54,,,8,0,0,0,0
162,192,,,,0,0,0,0,,,,,0,,,,,,,,,103,103,,103,0,,,,0,0,0,,,0,,225,0,0,0,0,0,,,0,,,0,,,0,0,0,0,0
163,192,,,,0,0,0,0,,,,,0,,,,,,,,,103,103,,103,0,,,,0,0,0,,,0,,225,0,0,0,0,0,,,0,,,0,,,0,0,0,0,0
164,198,,,,225,225,225,225,,,,,225,,,,,,,,,27,27,,27,225,,,,225,225,225,,,225,,0,225,225,0,225,225,,,225,,,112,,,225,0,0,0,0
165,225,,,,8,8,8,8,,,,,8,,,,,,,,,28,28,,28,0,,,,8,8,8,,,225,,0,0,225,0,8,0,,,8,,,22,,,8,0,0,0,0
166,1,,,,0,0,0,0,,,,,0,,,,,,,,,27,27,,27,0,,,,0,0,0,,,225,,0,0,225,0,0,0,,,0,,,54,,,0,0,0,0,0
167,1,,,,8,8,8,8,,,,,8,,,,,,,,,28,28,,28,0,,,,8,8,8,,,225,,0,0,225,0,8,0,,,8,,,54,,,8,0,0,0,0
168,173,,,,8,8,8,8,,,,,8,,,,,,,,,122,122,,122,0,,,,8,8,8,,,225,,0,0,225,0,8,0,,,8,,,55,,,8,0,0,0,0
169,0,,,,8,8,8,8,,,,,8,,,,,,,,,122,122,,122,0,,,,8,8,8,,,225,,0,0,225,0,8,0,,,8,,,54,,,8,0,0,0,0
170,192,,,,0,0,0,0,,,,,0,,,,,,,,,103,103,,103,0,,,,0,0,0,,,0,,225,0,0,0,0,0,,,0,,,0,,,0,0,0,0,0
171,1,,,,8,8,8,8,,,,,8,,,,,,,,,103,103,,103,0,,,,8,8,8,,,225,,0,0,225,0,8,0,,,8,,,54,,,8,0,0,0,0
172,192,,,,8,8,8,8,,,,,8,,,,,,,,,103,103,,103,0,,,,8,8,8,,,225,,0,0,225,0,8,0,,,8,,,52,,,8,0,0,0,0
173,192,,,,0,0,0,0,,,,,0,,,,,,,,,103,103,,103,0,,,,0,0,0,,,0,,225,0,0,0,0,0,,,0,,,0,,,0,0,0,0,0
174,0,,,,8,8,8,8,,,,,8,,,,,,,,,122,122,,122,0,,,,8,8,8,,,225,,0,0,225,0,8,0,,,8,,,54,,,8,0,0,0,0
175,173,,,,8,8,8,8,,,,,8,,,,,,,,,122,122,,122,0,,,,8,8,8,,,225,,0,0,225,0,8,0,,,8,,,55,,,8,0,0,0,0
176,192,,,,0,0,0,0,,,,,0,,,,,,,,,103,103,,103,0,,,,0,0,0,,,0,,225,0,0,0,0,0,,,0,,,0,,,0,0,0,0,0
177,1,,,,8,8,8,8,,,,,8,,,,,,,,,103,103,,103,0,,,,8,8,8,,,225,,0,0,225,0,8,0,,,8,,,54,,,8,0,0,0,0
178,192,,,,8,8,8,8,,,,,8,,,,,,,,,103,103,,103,0,,,,8,8,8,,,225,,0,0,225,0,8,0,,,8,,,52,,,8,0,0,0,0
179,192,,,,0,0,0,0,,,,,0,,,,,,,,,103,103,,103,0,,,,0,0,0,,,0,,225,0,0,0,0,0,,,0,,,0,,,0,0,0,0,0
180,0,,,,8,8,8,8,,,,,8,,,,,,,,,122,122,,122,0,,,,8,8,8,,,225,,0,0,225,0,8,0,,,8,,,54,,,8,0,0,0,0
181,173,,,,8,8,8,8,,,,,8,,,,,,,,,122,122,,122,0,,,,8,8,8,,,225,,0,0,225,0,8,0,,,8,,,55,,,8,0,0,0,0
182,1,,,,8,8,8,8,,,,,8,,,,,,,,,103,103,,103,0,,,,8,8,8,,,225,,0,0,225,0,8,0,,,8,,,54,,,8,0,0,0,0
183,192,,,,0,0,0,0,,,,,0,,,,,,,,,103,103,,103,0,,,,0,0,0,,,0,,225,0,0,0,0,0,,,0,,,0,,,0,0,0,0,0
184,192,,,,8,8,8,8,,,,,8,,,,,,,,,103,103,,103,0,,,,8,8,8,,,225,,0,0,225,0,8,0,,,8,,,52,,,8,0,0,0,0
185,192,,,,0,0,0,0,,,,,0,,,,,,,,,103,103,,103,0,,,,0,0,0,,,0,,225,0,0,0,0,0,,,0,,,0,,,0,0,0,0,0
186,173,,,,8,8,8,8,,,,,8,,,,,,,,,122,122,,122,0,,,,8,8,8,,,225,,0,0,225,0,8,0,,,8,,,55,,,8,0,0,0,0
187,0,,,,8,8,8,8,,,,,8,,,,,,,,,122,122,,122,0,,,,8,8,8,,,225,,0,0,225,0,8,0,,,8,,,54,,,8,0,0,0,0
188,192,,,,0,0,0,0,,,,,0,,,,,,,,,103,103,,103,0,,,,0,0,0,,,0,,225,0,0,0,0,0,,,0,,,0,,,0,0,0,0,0
189,192,,,,8,8,8,8,,,,,8,,,,,,,,,103,103,,103,0,,,,8,8,8,,,225,,0,0,225,0,8,0,,,8,,,52,,,8,0,0,0,0
190,1,,,,8,8,8,8,,,,,8,,,,,,,,,103,103,,103,0,,,,8,8,8,,,225,,0,0,225,0,8,0,,,8,,,54,,,8,0,0,0,0
191,192,,,,0,0,0,0,,,,,0,,,,,,,,,103,103,,103,0,,,,0,0,0,,,0,,225,0,0,0,0,0,,,0,,,0,,,0,0,0,0,0
192,173,,,,8,8,8,8,,,,,8,,,,,,,,,122,122,,122,0,,,,8,8,8,,,225,,0,0,225,0,8,0,,,8,,,55,,,8,0,0,0,0
193,0,,,,8,8,8,8,,,,,8,,,,,,,,,122,122,,122,0,,,,8,8,8,,,225,,0,0,225,0,8,0,,,8,,,54,,,8,0,0,0,0
194,192,,,,8,8,8,8,,,,,8,,,,,,,,,103,103,,103,0,,,,8,8,8,,,225,,0,0,225,0,8,0,,,8,,,52,,,8,0,0,0,0
195,1,,,,8,8,8,8,,,,,8,,,,,,,,,103,103,,103,0,,,,8,8,8,,,225,,0,0,225,0,8,0,,,8,,,54,,,8,0,0,0,0
196,192,,,,0,0,0,0,,,,,0,,,,,,,,,103,103,,103,0,,,,0,0,0,,,0,,225,0,0,0,0,0,,,0,,,0,,,0,0,0,0,0
197,192,,,,0,0,0,0,,,,,0,,,,,,,,,103,103,,103,0,,,,0,0,0,,,0,,225,0,0,0,0,0,,,0,,,0,,,0,0,0,0,0
198,173,,,,8,8,8,8,,,,,8,,,,,,,,,122,122,,122,0,,,,8,8,8,,,225,,0,0,225,0,8,0,,,8,,,55,,,8,0,0,0,0
199,0,,,,8,8,8,8,,,,,8,,,,,,,,,122,122,,122,0,,,,8,8,8,,,225,,0,0,225,0,8,0,,,8,,,54,,,8,0,0,0,0
200,192,,,,0,0,0,0,,,,,0,,,,,,,,,103,103,,103,0,,,,0,0,0,,,0,,225,0,0,0,0,0,,,0,,,0,,,0,0,0,0,0
201,192,,,,8,8,8,8,,,,,8,,,,,,,,,103,103,,103,0,,,,8,8,8,,,225,,0,0,225,0,8,0,,,8,,,52,,,8,0,0,0,0
202,1,,,,8,8,8,8,,,,,8,,,,,,,,,103,103,,103,0,,,,8,8,8,,,225,,0,0,225,0,8,0,,,8,,,54,,,8,0,0,0,0
203,192,,,,0,0,0,0,,,,,0,,,,,,,,,103,103,,103,0,,,,0,0,0,,,0,,225,0,0,0,0,0,,,0,,,0,,,0,0,0,0,0
204,173,,,,8,8,8,8,,,,,8,,,,,,,,,122,122,,122,0,,,,8,8,8,,,225,,0,0,225,0,8,0,,,8,,,55,,,8,0,0,0,0
205,0,,,,8,8,8,8,,,,,8,,,,,,,,,122,122,,122,0,,,,8,8,8,,,225,,0,0,225,0,8,0,,,8,,,54,,,8,0,0,0,0
206,1,,,,0,0,0,0,,,,,0,,,,,,,,,27,27,,27,0,,,,0,0,0,,,225,,0,0,225,0,0,0,,,0,,,54,,,0,0,0,0,0
207,198,,,,225,225,225,225,,,,,225,,,,,,,,,27,27,,27,225,,,,225,225,225,,,225,,0,225,225,0,225,225,,,225,,,112,,,225,0,0,0,0
208,225,,,,8,8,8,8,,,,,8,,,,,,,,,28,28,,28,0,,,,8,8,8,,,225,,0,0,225,0,8,0,,,8,,,22,,,8,0,0,0,0
209,1,,,,8,8,8,8,,,,,8,,,,,,,,,28,28,,28,0,,,,8,8,8,,,225,,0,0,225,0,8,0,,,8,,,54,,,8,0,0,0,0
210,1,,,,8,8,8,8,,,,,8,,,,,,,,,103,103,,103,0,,,,8,8,8,,,225,,0,0,225,0,8,0,,,8,,,54,,,8,0,0,0,0
211,192,,,,0,0,0,0,,,,,0,,,,,,,,,103,103,,103,0,,,,0,0,0,,,0,,225,0,0,0,0,0,,,0,,,0,,,0,0,0,0,0
212,192,,,,8,8,8,8,,,,,8,,,,,,,,,103,103,,103,0,,,,8,8,8,,,225,,0,0,225,0,8,0,,,8,,,52,,,8,0,0,0,0
213,192,,,,0,0,0,0,,,,,0,,,,,,,,,103,103,,103,0,,,,0,0,0,,,0,,225,0,0,0,0,0,,,0,,,0,,,0,0,0,0,0
214,0,,,,8,8,8,8,,,,,8,,,,,,,,,122,122,,122,0,,,,8,8,8,,,225,,0,0,225,0,8,0,,,8,,,54,,,8,0,0,0,0
215,173,,,,8,8,8,8,,,,,8,,,,,,,,,122,122,,122,0,,,,8,8,8,,,225,,0,0,225,0,8,0,,,8,,,55,,,8,0,0,0,0
216,192,,,,0,0,0,0,,,,,0,,,,,,,,,103,103,,103,0,,,,0,0,0,,,0,,225,0,0,0,0,0,,,0,,,0,,,0,0,0,0,0
217,192,,,,8,8,8,8,,,,,8,,,,,,,,,103,103,,103,0,,,,8,8,8,,,225,,0,0,225,0,8,0,,,8,,,52,,,8,0,0,0,0
218,1,,,,8,8,8,8,,,,,8,,,,,,,,,103,103,,103,0,,,,8,8,8,,,225,,0,0,225,0,8,0,,,8,,,54,,,8,0,0,0,0
219,192,,,,0,0,0,0,,,,,0,,,,,,,,,103,103,,103,0,,,,0,0,0,,,0,,225,0,0,0,0,0,,,0,,,0,,,0,0,0,0,0
220,198,,,,225,225,225,225,,,,,225,,,,,,,,,27,27,,27,225,,,,225,225,225,,,225,,0,225,225,0,225,225,,,225,,,112,,,225,0,0,0,0
221,1,,,,0,0,0,0,,,,,0,,,,,,,,,27,27,,27,0,,,,0,0,0,,,225,,0,0,225,0,0,0,,,0,,,54,,,0,0,0,0,0
222,225,,,,8,8,8,8,,,,,8,,,,,,,,,28,28,,28,0,,,,8,8,8,,,225,,0,0,225,0,8,0,,,8,,,22,,,8,0,0,0,0
223,1,,,,8,8,8,8,,,,,8,,,,,,,,,28,28,,28,0,,,,8,8,8,,,225,,0,0,225,0,8,0,,,8,,,54,,,8,0,0,0,0
224,198,,,,225,225,225,225,,,,,225,,,,,,,,,27,27,,27,225,,,,225,225,225,,,225,,0,225,225,0,225,225,,,225,,,112,,,225,0,0,0,0
225,1,,,,0,0,0,0,,,,,0,,,,,,,,,27,27,,27,0,,,,0,0,0,,,225,,0,0,225,0,0,0,,,0,,,54,,,0,0,0,0,0
226,225,,,,8,8,8,8,,,,,8,,,,,,,,,28,28,,28,0,,,,8,8,8,,,225,,0,0,225,0,8,0,,,8,,,22,,,8,0,0,0,0
227,1,,,,8,8,8,8,,,,,8,,,,,,,,,28,28,,28,0,,,,8,8,8,,,225,,0,0,225,0,8,0,,,8,,,54,,,8,0,0,0,0
228,0,,,,8,8,8,8,,,,,8,,,,,,,,,122,122,,122,0,,,,8,8,8,,,225,,0,0,225,0,8,0,,,8,,,54,,,8,0,0,0,0
229,173,,,,8,8,8,8,,,,,8,,,,,,,,,122,122,,122,0,,,,8,8,8,,,225,,0,0,225,0,8,0,,,8,,,55,,,8,0,0,0,0
230,192,,,,8,8,8,8,,,,,8,,,,,,,,,103,103,,103,0,,,,8,8,8,,,225,,0,0,225,0,8,0,,,8,,,52,,,8,0,0,0,0
231,192,,,,0,0,0,0,,,,,0,,,,,,,,,103,103,,103,0,,,,0,0,0,,,0,,225,0,0,0,0,0,,,0,,,0,,,0,0,0,0,0
232,1,,,,8,8,8,8,,,,,8,,,,,,,,,103,103,,103,0,,,,8,8,8,,,225,,0,0,225,0,8,0,,,8,,,54,,,8,0,0,0,0
233,192,,,,0,0,0,0,,,,,0,,,,,,,,,103,103,,103,0,,,,0,0,0,,,0,,225,0,0,0,0,0,,,0,,,0,,,0,0,0,0,0
234,0,,,,8,8,8,8,,,,,8,,,,,,,,,122,122,,122,0,,,,8,8,8,,,225,,0,0,225,0,8,0,,,8,,,54,,,8,0,0,0,0
235,173,,,,8,8,8,8,,,,,8,,,,,,,,,122,122,,122,0,,,,8,8,8,,,225,,0,0,225,0,8,0,,,8,,,55,,,8,0,0,0,0
236,192,,,,8,8,8,8,,,,,8,,,,,,,,,103,103,,103,0,,,,8,8,8,,,225,,0,0,225,0,8,0,,,8,,,52,,,8,0,0,0,0
237,1,,,,8,8,8,8,,,,,8,,,,,,,,,103,103,,103,0,,,,8,8,8,,,225,,0,0,225,0,8,0,,,8,,,54,,,8,0,0,0,0
238,192,,,,0,0,0,0,,,,,0,,,,,,,,,103,103,,103,0,,,,0,0,0,,,0,,225,0,0,0,0,0,,,0,,,0,,,0,0,0,0,0
239,192,,,,0,0,0,0,,,,,0,,,,,,,,,103,103,,103,0,,,,0,0,0,,,0,,225,0,0,0,0,0,,,0,,,0,,,0,0,0,0,0
240,1,,,,0,0,0,0,,,,,0,,,,,,,,,27,27,,27,0,,,,0,0,0,,,225,,0,0,225,0,0,0,,,0,,,54,,,0,0,0,0,0
241,225,,,,8,8,8,8,,,,,8,,,,,,,,,28,28,,28,0,,,,8,8,8,,,225,,0,0,225,0,8,0,,,8,,,22,,,8,0,0,0,0
242,198,,,,225,225,225,225,,,,,225,,,,,,,,,27,27,,27,225,,,,225,225,225,,,225,,0,225,225,0,225,225,,,225,,,112,,,225,0,0,0,0
243,1,,,,8,8,8,8,,,,,8,,,,,,,,,28,28,,28,0,,,,8,8,8,,,225,,0,0,225,0,8,0,,,8,,,54,,,8,0,0,0,0
244,173,,,,8,8,8,8,,,,,8,,,,,,,,,122,122,,122,0,,,,8,8,8,,,225,,0,0,225,0,8,0,,,8,,,55,,,8,0,0,0,0
245,0,,,,8,8,8,8,,,,,8,,,,,,,,,122,122,,122,0,,,,8,8,8,,,225,,0,0,225,0,8,0,,,8,,,54,,,8,0,0,0,0
246,192,,,,8,8,8,8,,,,,8,,,,,,,,,103,103,,103,0,,,,8,8,8,,,225,,0,0,225,0,8,0,,,8,,,52,,,8,0,0,0,0
247,1,,,,8,8,8,8,,,,,8,,,,,,,,,103,103,,103,0,,,,8,8,8,,,225,,0,0,225,0,8,0,,,8,,,54,,,8,0,0,0,0
248,192,,,,0,0,0,0,,,,,0,,,,,,,,,103,103,,103,0,,,,0,0,0,,,0,,225,0,0,0,0,0,,,0,,,0,,,0,0,0,0,0
249,192,,,,0,0,0,0,,,,,0,,,,,,,,,103,103,,103,0,,,,0,0,0,,,0,,225,0,0,0,0,0,,,0,,,0,,,0,0,0,0,0
250,1,,,,0,0,0,0,,,,,0,,,,,,,,,27,27,,27,0,,,,0,0,0,,,225,,0,0,225,0,0,0,,,0,,,54,,,0,0,0,0,0
251,198,,,,225,225,225,225,,,,,225,,,,,,,,,27,27,,27,225,,,,225,225,225,,,225,,0,225,225,0,225,225,,,225,,,112,,,225,0,0,0,0
252,225,,,,8,8,8,8,,,,,8,,,,,,,,,28,28,,28,0,,,,8,8,8,,,225,,0,0,225,0,8,0,,,8,,,22,,,8,0,0,0,0
253,1,,,,8,8,8,8,,,,,8,,,,,,,,,28,28,,28,0,,,,8,8,8,,,225,,0,0,225,0,8,0,,,8,,,54,,,8,0,0,0,0
254,0,,,,8,8,8,8,,,,,8,,,,,,,,,122,122,,122,0,,,,8,8,8,,,225,,0,0,225,0,8,0,,,8,,,54,,,8,0,0,0,0
255,173,,,,8,8,8,8,,,,,8,,,,,,,,,122,122,,122,0,,,,8,8,8,,,225,,0,0,225,0,8,0,,,8,,,55,,,8,0,0,0,0
256,1,,,,0,0,0,0,,,,,0,,,,,,,,,27,27,,27,0,,,,0,0,0,,,225,,0,0,225,0,0,0,,,0,,,54,,,0,0,0,0,0
257,198,,,,225,225,225,225,,,,,225,,,,,,,,,27,27,,27,225,,,,225,225,225,,,225,,0,225,225,0,225,225,,,225,,,112,,,225,0,0,0,0
258,225,,,,8,8,8,8,,,,,8,,,,,,,,,28,28,,28,0,,,,8,8,8,,,225,,0,0,225,0,8,0,,,8,,,22,,,8,0,0,0,0
259,1,,,,8,8,8,8,,,,,8,,,,,,,,,28,28,,28,0,,,,8,8,8,,,225,,0,0,225,0,8,0,,,8,,,54,,,8,0,0,0,0
260,192,,,,8,8,8,8,,,,,8,,,,,,,,,103,103,,103,0,,,,8,8,8,,,225,,0,0,225,0,8,0,,,8,,,52,,,8,0,0,0,0
261,1,,,,8,8,8,8,,,,,8,,,,,,,,,103,103,,103,0,,,,8,8,8,,,225,,0,0,225,0,8,0,,,8,,,54,,,8,0,0,0,0
262,192,,,,0,0,0,0,,,,,0,,,,,,,,,103,103,,103,0,,,,0,0,0,,,0,,225,0,0,0,0,0,,,0,,,0,,,0,0,0,0,0
263,192,,,,0,0,0,0,,,,,0,,,,,,,,,103,103,,103,0,,,,0,0,0,,,0,,225,0,0,0,0,0,,,0,,,0,,,0,0,0,0,0
264,198,,,,225,225,225,225,,,,,225,,,,,,,,,27,27,,27,225,,,,225,225,225,,,225,,0,225,225,0,225,225,,,225,,,112,,,225,0,0,0,0
265,1,,,,0,0,0,0,,,,,0,,,,,,,,,27,27,,27,0,,,,0,0,0,,,225,,0,0,225,0,0,0,,,0,,,54,,,0,0,0,0,0
266,225,,,,8,8,8,8,,,,,8,,,,,,,,,28,28,,28,0,,,,8,8,8,,,225,,0,0,225,0,8,0,,,8,,,22,,,8,0,0,0,0
267,1,,,,8,8,8,8,,,,,8,,,,,,,,,28,28,,28,0,,,,8,8,8,,,225,,0,0,225,0,8,0,,,8,,,54,,,8,0,0,0,0
268,173,,,,8,8,8,8,,,,,8,,,,,,,,,122,122,,122,0,,,,8,8,8,,,225,,0,0,225,0,8,0,,,8,,,55,,,8,0,0,0,0
269,0,,,,8,8,8,8,,,,,8,,,,,,,,,122,122,,122,0,,,,8,8,8,,,225,,0,0,225,0,8,0,,,8,,,54,,,8,0,0,0,0
270,192,,,,0,0,0,0,,,,,0,,,,,,,,,103,103,,103,0,,,,0,0,0,,,0,,225,0,0,0,0,0,,,0,,,0,,,0,0,0,0,0
271,1,,,,8,8,8,8,,,,,8,,,,,,,,,103,103,,103,0,,,,8,8,8,,,225,,0,0,225,0,8,0,,,8,,,54,,,8,0,0,0,0
272,192,,,,8,8,8,8,,,,,8,,,,,,,,,103,103,,103,0,,,,8,8,8,,,225,,0,0,225,0,8,0,,,8,,,52,,,8,0,0,0,0
273,192,,,,0,0,0,0,,,,,0,,,,,,,,,103,103,,103,0,,,,0,0,0,,,0,,225,0,0,0,0,0,,,0,,,0,,,0,0,0,0,0
274,198,,,,225,225,225,225,,,,,225,,,,,,,,,27,27,,27,225,,,,225,225,225,,,225,,0,225,225,0,225,225,,,225,,,112,,,225,0,0,0,0
275,225,,,,8,8,8,8,,,,,8,,,,,,,,,28,28,,28,0,,,,8,8,8,,,225,,0,0,225,0,8,0,,,8,,,22,,,8,0,0,0,0
276,1,,,,0,0,0,0,,,,,0,,,,,,,,,27,27,,27,0,,,,0,0,0,,,225,,0,0,225,0,0,0,,,0,,,54,,,0,0,0,0,0
277,1,,,,8,8,8,8,,,,,8,,,,,,,,,28,28,,28,0,,,,8,8,8,,,225,,0,0,225,0,8,0,,,8,,,54,,,8,0,0,0,0
278,0,,,,8,8,8,8,,,,,8,,,,,,,,,122,122,,122,0,,,,8,8,8,,,225,,0,0,225,0,8,0,,,8,,,54,,,8,0,0,0,0
279,173,,,,8,8,8,8,,,,,8,,,,,,,,,122,122,,122,0,,,,8,8,8,,,225,,0,0,225,0,8,0,,,8,,,55,,,8,0,0,0,0
280,192,,,,0,0,0,0,,,,,0,,,,,,,,,103,103,,103,0,,,,0,0,0,,,0,,225,0,0,0,0,0,,,0,,,0,,,0,0,0,0,0
281,192,,,,8,8,8,8,,,,,8,,,,,,,,,103,103,,103,0,,,,8,8,8,,,225,,0,0,225,0,8,0,,,8,,,52,,,8,0,0,0,0
282,1,,,,8,8,8,8,,,,,8,,,,,,,,,103,103,,103,0,,,,8,8,8,,,225,,0,0,225,0,8,0,,,8,,,54,,,8,0,0,0,0
283,192,,,,0,0,0,0,,,,,0,,,,,,,,,103,103,,103,0,,,,0,0,0,,,0,,225,0,0,0,0,0,,,0,,,0,,,0,0,0,0,0
284,1,,,,0,0,0,0,,,,,0,,,,,,,,,27,27,,27,0,,,,0,0,0,,,225,,0,0,225,0,0,0,,,0,,,54,,,0,0,0,0,0
285,225,,,,8,8,8,8,,,,,8,,,,,,,,,28,28,,28,0,,,,8,8,8,,,225,,0,0,225,0,8,0,,,8,,,22,,,8,0,0,0,0
286,198,,,,225,225,225,225,,,,,225,,,,,,,,,27,27,,27,225,,,,225,225,225,,,225,,0,225,225,0,225,225,,,225,,,112,,,225,0,0,0,0
287,1,,,,8,8,8,8,,,,,8,,,,,,,,,28,28,,28,0,,,,8,8,8,,,225,,0,0,225,0,8,0,,,8,,,54,,,8,0,0,0,0
288,0,,,,8,8,8,8,,,,,8,,,,,,,,,122,122,,122,0,,,,8,8,8,,,225,,0,0,225,0,8,0,,,8,,,54,,,8,0,0,0,0
289,173,,,,8,8,8,8,,,,,8,,,,,,,,,122,122,,122,0,,,,8,8,8,,,225,,0,0,225,0,8,0,,,8,,,55,,,8,0,0,0,0
290,192,,,,0,0,0,0,,,,,0,,,,,,,,,103,103,,103,0,,,,0,0,0,,,0,,225,0,0,0,0,0,,,0,,,0,,,0,0,0,0,0
291,192,,,,8,8,8,8,,,,,8,,,,,,,,,103,103,,103,0,,,,8,8,8,,,225,,0,0,225,0,8,0,,,8,,,52,,,8,0,0,0,0
292,1,,,,8,8,8,8,,,,,8,,,,,,,,,103,103,,103,0,,,,8,8,8,,,225,,0,0,225,0,8,0,,,8,,,54,,,8,0,0,0,0
293,192,,,,0,0,0,0,,,,,0,,,,,,,,,103,103,,103,0,,,,0,0,0,,,0,,225,0,0,0,0,0,,,0,,,0,,,0,0,0,0,0
294,198,,,,225,225,225,225,,,,,225,,,,,,,,,27,27,,27,225,,,,225,225,225,,,225,,0,225,225,0,225,225,,,225,,,112,,,225,0,0,0,0
295,1,,,,0,0,0,0,,,,,0,,,,,,,,,27,27,,27,0,,,,0,0,0,,,225,,0,0,225,0,0,0,,,0,,,54,,,0,0,0,0,0
296,225,,,,8,8,8,8,,,,,8,,,,,,,,,28,28,,28,0,,,,8,8,8,,,225,,0,0,225,0,8,0,,,8,,,22,,,8,0,0,0,0
297,1,,,,8,8,8,8,,,,,8,,,,,,,,,28,28,,28,0,,,,8,8,8,,,225,,0,0,225,0,8,0,,,8,,,54,,,8,0,0,0,0
298,0,,,,8,8,8,8,,,,,8,,,,,,,,,122,122,,122,0,,,,8,8,8,,,225,,0,0,225,0,8,0,,,8,,,54,,,8,0,0,0,0
299,173,,,,8,8,8,8,,,,,8,,,,,,,,,122,122,,122,0,,,,8,8,8,,,225,,0,0,225,0,8,0,,,8,,,55,,,8,0,0,0,0
300,1,,,,8,8,8,8,,,,,8,,,,,,,,,103,103,,103,0,,,,8,8,8,,,225,,0,0,225,0,8,0,,,8,,,54,,,8,0,0,0,0
301,192,,,,8,8,8,8,,,,,8,,,,,,,,,103,103,,103,0,,,,8,8,8,,,225,,0,0,225,0,8,0,,,8,,,52,,,8,0,0,0,0
302,192,,,,0,0,0,0,,,,,0,,,,,,,,,103,103,,103,0,,,,0,0,0,,,0,,225,0,0,0,0,0,,,0,,,0,,,0,0,0,0,0
303,192,,,,0,0,0,0,,,,,0,,,,,,,,,103,103,,103,0,,,,0,0,0,,,0,,225,0,0,0,0,0,,,0,,,0,,,0,0,0,0,0
304,225,,,,8,8,8,8,,,,,8,,,,,,,,,28,28,,28,0,,,,8,8,8,,,225,,0,0,225,0,8,0,,,8,,,22,,,8,0,0,0,0
305,1,,,,0,0,0,0,,,,,0,,,,,,,,,27,27,,27,0,,,,0,0,0,,,225,,0,0,225,0,0,0,,,0,,,54,,,0,0,0,0,0
306,198,,,,225,225,225,225,,,,,225,,,,,,,,,27,27,,27,225,,,,225,225,225,,,225,,0,225,225,0,225,225,,,225,,,112,,,225,0,0,0,0
307,1,,,,8,8,8,8,,,,,8,,,,,,,,,28,28,,28,0,,,,8,8,8,,,225,,0,0,225,0,8,0,,,8,,,54,,,8,0,0,0,0
308,173,,,,8,8,8,8,,,,,8,,,,,,,,,122,122,,122,0,,,,8,8,8,,,225,,0,0,225,0,8,0,,,8,,,55,,,8,0,0,0,0
309,0,,,,8,8,8,8,,,,,8,,,,,,,,,122,122,,122,0,,,,8,8,8,,,225,,0,0,225,0,8,0,,,8,,,54,,,8,0,0,0,0
310,1,,,,8,8,8,8,,,,,8,,,,,,,,,103,103,,103,0,,,,8,8,8,,,225,,0,0,225,0,8,0,,,8,,,54,,,8,0,0,0,0
311,192,,,,0,0,0,0,,,,,0,,,,,,,,,103,103,,103,0,,,,0,0,0,,,0,,225,0,0,0,0,0,,,0,,,0,,,0,0,0,0,0
312,192,,,,8,8,8,8,,,,,8,,,,,,,,,103,103,,103,0,,,,8,8,8,,,225,,0,0,225,0,8,0,,,8,,,52,,,8,0,0,0,0
313,192,,,,0,0,0,0,,,,,0,,,,,,,,,103,103,,103,0,,,,0,0,0,,,0,,225,0,0,0,0,0,,,0,,,0,,,0,0,0,0,0
314,198,,,,225,225,225,225,,,,,225,,,,,,,,,27,27,,27,225,,,,225,225,225,,,225,,0,225,225,0,225,225,,,225,,,112,,,225,0,0,0,0
315,1,,,,0,0,0,0,,,,,0,,,,,,,,,27,27,,27,0,,,,0,0,0,,,225,,0,0,225,0,0,0,,,0,,,54,,,0,0,0,0,0
316,225,,,,8,8,8,8,,,,,8,,,,,,,,,28,28,,28,0,,,,8,8,8,,,225,,0,0,225,0,8,0,,,8,,,22,,,8,0,0,0,0
317,1,,,,8,8,8,8,,,,,8,,,,,,,,,28,28,,28,0,,,,8,8,8,,,225,,0,0,225,0,8,0,,,8,,,54,,,8,0,0,0,0
318,173,,,,8,8,8,8,,,,,8,,,,,,,,,122,122,,122,0,,,,8,8,8,,,225,,0,0,225,0,8,0,,,8,,,55,,,8,0,0,0,0
319,0,,,,8,8,8,8,,,,,8,,,,,,,,,122,122,,122,0,,,,8,8,8,,,225,,0,0,225,0,8,0,,,8,,,54,,,8,0,0,0,0
320,192,,,,8,8,8,8,,,,,8,,,,,,,,,103,103,,103,0,,,,8,8,8,,,225,,0,0,225,0,8,0,,,8,,,52,,,8,0,0,0,0
321,192,,,,0,0,0,0,,,,,0,,,,,,,,,103,103,,103,0,,,,0,0,0,,,0,,225,0,0,0,0,0,,,0,,,0,,,0,0,0,0,0
322,1,,,,8,8,8,8,,,,,8,,,,,,,,,103,103,,103,0,,,,8,8,8,,,225,,0,0,225,0,8,0,,,8,,,54,,,8,0,0,0,0
323,192,,,,0,0,0,0,,,,,0,,,,,,,,,103,103,,103,0,,,,0,0,0,,,0,,225,0,0,0,0,0,,,0,,,0,,,0,0,0,0,0
324,198,,,,225,225,225,225,,,,,225,,,,,,,,,27,27,,27,225,,,,225,225,225,,,225,,0,225,225,0,225,225,,,225,,,112,,,225,0,0,0,0
325,225,,,,8,8,8,8,,,,,8,,,,,,,,,28,28,,28,0,,,,8,8,8,,,225,,0,0,225,0,8,0,,,8,,,22,,,8,0,0,0,0
326,1,,,,0,0,0,0,,,,,0,,,,,,,,,27,27,,27,0,,,,0,0,0,,,225,,0,0,225,0,0,0,,,0,,,54,,,0,0,0,0,0
327,1,,,,8,8,8,8,,,,,8,,,,,,,,,28,28,,28,0,,,,8,8,8,,,225,,0,0,225,0,8,0,,,8,,,54,,,8,0,0,0,0
328,173,,,,8,8,8,8,,,,,8,,,,,,,,,122,122,,122,0,,,,8,8,8,,,225,,0,0,225,0,8,0,,,8,,,55,,,8,0,0,0,0
329,0,,,,8,8,8,8,,,,,8,,,,,,,,,122,122,,122,0,,,,8,8,8,,,225,,0,0,225,0,8,0,,,8,,,54,,,8,0,0,0,0
330,1,,,,8,8,8,8,,,,,8,,,,,,,,,103,103,,103,0,,,,8,8,8,,,225,,0,0,225,0,8,0,,,8,,,54,,,8,0,0,0,0
331,192,,,,0,0,0,0,,,,,0,,,,,,,,,103,103,,103,0,,,,0,0,0,,,0,,225,0,0,0,0,0,,,0,,,0,,,0,0,0,0,0
332,192,,,,8,8,8,8,,,,,8,,,,,,,,,103,103,,103,0,,,,8,8,8,,,225,,0,0,225,0,8,0,,,8,,,52,,,8,0,0,0,0
333,192,,,,0,0,0,0,,,,,0,,,,,,,,,103,103,,103,0,,,,0,0,0,,,0,,225,0,0,0,0,0,,,0,,,0,,,0,0,0,0,0
334,173,,,,8,8,8,8,,,,,8,,,,,,,,,122,122,,122,0,,,,8,8,8,,,225,,0,0,225,0,8,0,,,8,,,55,,,8,0,0,0,0
335,0,,,,8,8,8,8,,,,,8,,,,,,,,,122,122,,122,0,,,,8,8,8,,,225,,0,0,225,0,8,0,,,8,,,54,,,8,0,0,0,0
336,198,,,,225,225,225,225,,,,,225,,,,,,,,,27,27,,27,225,,,,225,225,225,,,225,,0,225,225,0,225,225,,,225,,,112,,,225,0,0,0,0
337,1,,,,0,0,0,0,,,,,0,,,,,,,,,27,27,,27,0,,,,0,0,0,,,225,,0,0,225,0,0,0,,,0,,,54,,,0,0,0,0,0
338,225,,,,8,8,8,8,,,,,8,,,,,,,,,28,28,,28,0,,,,8,8,8,,,225,,0,0,225,0,8,0,,,8,,,22,,,8,0,0,0,0
339,1,,,,8,8,8,8,,,,,8,,,,,,,,,28,28,,28,0,,,,8,8,8,,,225,,0,0,225,0,8,0,,,8,,,54,,,8,0,0,0,0
340,192,,,,0,0,0,0,,,,,0,,,,,,,,,103,103,,103,0,,,,0,0,0,,,0,,225,0,0,0,0,0,,,0,,,0,,,0,0,0,0,0
341,192,,,,8,8,8,8,,,,,8,,,,,,,,,103,103,,103,0,,,,8,8,8,,,225,,0,0,225,0,8,0,,,8,,,52,,,8,0,0,0,0
342,1,,,,8,8,8,8,,,,,8,,,,,,,,,103,103,,103,0,,,,8,8,8,,,225,,0,0,225,0,8,0,,,8,,,54,,,8,0,0,0,0
343,192,,,,0,0,0,0,,,,,0,,,,,,,,,103,103,,103,0,,,,0,0,0,,,0,,225,0,0,0,0,0,,,0,,,0,,,0,0,0,0,0
344,0,,,,8,8,8,8,,,,,8,,,,,,,,,122,122,,122,0,,,,8,8,8,,,225,,0,0,225,0,8,0,,,8,,,54,,,8,0,0,0,0
345,173,,,,8,8,8,8,,,,,8,,,,,,,,,122,122,,122,0,,,,8,8,8,,,225,,0,0,225,0,8,0,,,8,,,55,,,8,0,0,0,0
346,225,,,,8,8,8,8,,,,,8,,,,,,,,,28,28,,28,0,,,,8,8,8,,,225,,0,0,225,0,8,0,,,8,,,22,,,8,0,0,0,0
347,198,,,,225,225,225,225,,,,,225,,,,,,,,,27,27,,27,225,,,,225,225,225,,,225,,0,225,225,0,225,225,,,225,,,112,,,225,0,0,0,0
348,1,,,,0,0,0,0,,,,,0,,,,,,,,,27,27,,27,0,,,,0,0,0,,,225,,0,0,225,0,0,0,,,0,,,54,,,0,0,0,0,0
349,1,,,,8,8,8,8,,,,,8,,,,,,,,,28,28,,28,0,,,,8,8,8,,,225,,0,0,225,0,8,0,,,8,,,54,,,8,0,0,0,0
350,192,,,,8,8,8,8,,,,,8,,,,,,,,,103,103,,103,0,,,,8,8,8,,,225,,0,0,225,0,8,0,,,8,,,52,,,8,0,0,0,0
351,1,,,,8,8,8,8,,,,,8,,,,,,,,,103,103,,103,0,,,,8,8,8,,,225,,0,0,225,0,8,0,,,8,,,54,,,8,0,0,0,0
352,192,,,,0,0,0,0,,,,,0,,,,,,,,,103,103,,103,0,,,,0,0,0,,,0,,225,0,0,0,0,0,,,0,,,0,,,0,0,0,0,0
353,192,,,,0,0,0,0,,,,,0,,,,,,,,,103,103,,103,0,,,,0,0,0,,,0,,225,0,0,0,0,0,,,0,,,0,,,0,0,0,0,0
354,173,,,,8,8,8,8,,,,,8,,,,,,,,,122,122,,122,0,,,,8,8,8,,,225,,0,0,225,0,8,0,,,8,,,55,,,8,0,0,0,0
355,0,,,,8,8,8,8,,,,,8,,,,,,,,,122,122,,122,0,,,,8,8,8,,,225,,0,0,225,0,8,0,,,8,,,54,,,8,0,0,0,0
356,1,,,,0,0,0,0,,,,,0,,,,,,,,,27,27,,27,0,,,,0,0,0,,,225,,0,0,225,0,0,0,,,0,,,54,,,0,0,0,0,0
357,198,,,,225,225,225,225,,,,,225,,,,,,,,,27,27,,27,225,,,,225,225,225,,,225,,0,225,225,0,225,225,,,225,,,112,,,225,0,0,0,0
358,225,,,,8,8,8,8,,,,,8,,,,,,,,,28,28,,28,0,,,,8,8,8,,,225,,0,0,225,0,8,0,,,8,,,22,,,8,0,0,0,0
359,1,,,,8,8,8,8,,,,,8,,,,,,,,,28,28,,28,0,,,,8,8,8,,,225,,0,0,225,0,8,0,,,8,,,54,,,8,0,0,0,0
360,1,,,,8,8,8,8,,,,,8,,,,,,,,,103,103,,103,0,,,,8,8,8,,,225,,0,0,225,0,8,0,,,8,,,54,,,8,0,0,0,0
361,192,,,,0,0,0,0,,,,,0,,,,,,,,,103,103,,103,0,,,,0,0,0,,,0,,225,0,0,0,0,0,,,0,,,0,,,0,0,0,0,0
362,192,,,,8,8,8,8,,,,,8,,,,,,,,,103,103,,103,0,,,,8,8,8,,,225,,0,0,225,0,8,0,,,8,,,52,,,8,0,0,0,0
363,192,,,,0,0,0,0,,,,,0,,,,,,,,,103,103,,103,0,,,,0,0,0,,,0,,225,0,0,0,0,0,,,0,,,0,,,0,0,0,0,0
364,173,,,,8,8,8,8,,,,,8,,,,,,,,,122,122,,122,0,,,,8,8,8,,,225,,0,0,225,0,8,0,,,8,,,55,,,8,0,0,0,0
365,0,,,,8,8,8,8,,,,,8,,,,,,,,,122,122,,122,0,,,,8,8,8,,,225,,0,0,225,0,8,0,,,8,,,54,,,8,0,0,0,0
366,198,,,,225,225,225,225,,,,,225,,,,,,,,,27,27,,27,225,,,,225,225,225,,,225,,0,225,225,0,225,225,,,225,,,112,,,225,0,0,0,0
367,1,,,,0,0,0,0,,,,,0,,,,,,,,,27,27,,27,0,,,,0,0,0,,,225,,0,0,225,0,0,0,,,0,,,54,,,0,0,0,0,0
368,225,,,,8,8,8,8,,,,,8,,,,,,,,,28,28,,28,0,,,,8,8,8,,,225,,0,0,225,0,8,0,,,8,,,22,,,8,0,0,0,0
369,1,,,,8,8,8,8,,,,,8,,,,,,,,,28,28,,28,0,,,,8,8,8,,,225,,0,0,225,0,8,0,,,8,,,54,,,8,0,0,0,0
370,1,,,,8,8,8,8,,,,,8,,,,,,,,,103,103,,103,0,,,,8,8,8,,,225,,0,0,225,0,8,0,,,8,,,54,,,8,0,0,0,0
371,192,,,,0,0,0,0,,,,,0,,,,,,,,,103,103,,103,0,,,,0,0,0,,,0,,225,0,0,0,0,0,,,0,,,0,,,0,0,0,0,0
372,192,,,,8,8,8,8,,,,,8,,,,,,,,,103,103,,103,0,,,,8,8,8,,,225,,0,0,225,0,8,0,,,8,,,52,,,8,0,0,0,0
373,192,,,,0,0,0,0,,,,,0,,,,,,,,,103,103,,103,0,,,,0,0,0,,,0,,225,0,0,0,0,0,,,0,,,0,,,0,0,0,0,0
374,173,,,,8,8,8,8,,,,,8,,,,,,,,,122,122,,122,0,,,,8,8,8,,,225,,0,0,225,0,8,0,,,8,,,55,,,8,0,0,0,0
375,0,,,,8,8,8,8,,,,,8,,,,,,,,,122,122,,122,0,,,,8,8,8,,,225,,0,0,225,0,8,0,,,8,,,54,,,8,0,0,0,0
376,1,,,,0,0,0,0,,,,,0,,,,,,,,,27,27,,27,0,,,,0,0,0,,,225,,0,0,225,0,0,0,,,0,,,54,,,0,0,0,0,0
377,225,,,,8,8,8,8,,,,,8,,,,,,,,,28,28,,28,0,,,,8,8,8,,,225,,0,0,225,0,8,0,,,8,,,22,,,8,0,0,0,0
378,198,,,,225,225,225,225,,,,,225,,,,,,,,,27,27,,27,225,,,,225,225,225,,,225,,0,225,225,0,225,225,,,225,,,112,,,225,0,0,0,0
379,1,,,,8,8,8,8,,,,,8,,,,,,,,,28,28,,28,0,,,,8,8,8,,,225,,0,0,225,0,8,0,,,8,,,54,,,8,0,0,0,0
380,1,,,,8,8,8,8,,,,,8,,,,,,,,,103,103,,103,0,,,,8,8,8,,,225,,0,0,225,0,8,0,,,8,,,54,,,8,0,0,0,0
381,192,,,,0,0,0,0,,,,,0,,,,,,,,,103,103,,103,0,,,,0,0,0,,,0,,225,0,0,0,0,0,,,0,,,0,,,0,0,0,0,0
382,192,,,,8,8,8,8,,,,,8,,,,,,,,,103,103,,103,0,,,,8,8,8,,,225,,0,0,225,0,8,0,,,8,,,52,,,8,0,0,0,0
383,192,,,,0,0,0,0,,,,,0,,,,,,,,,103,103,,103,0,,,,0,0,0,,,0,,225,0,0,0,0,0,,,0,,,0,,,0,0,0,0,0
384,173,,,,8,8,8,8,,,,,8,,,,,,,,,122,122,,122,0,,,,8,8,8,,,225,,0,0,225,0,8,0,,,8,,,55,,,8,0,0,0,0
385,0,,,,8,8,8,8,,,,,8,,,,,,,,,122,122,,122,0,,,,8,8,8,,,225,,0,0,225,0,8,0,,,8,,,54,,,8,0,0,0,0
386,198,,,,225,225,225,225,,,,,225,,,,,,,,,27,27,,27,225,,,,225,225,225,,,225,,0,225,225,0,225,225,,,225,,,112,,,225,0,0,0,0
387,225,,,,8,8,8,8,,,,,8,,,,,,,,,28,28,,28,0,,,,8,8,8,,,225,,0,0,225,0,8,0,,,8,,,22,,,8,0,0,0,0
388,1,,,,0,0,0,0,,,,,0,,,,,,,,,27,27,,27,0,,,,0,0,0,,,225,,0,0,225,0,0,0,,,0,,,54,,,0,0,0,0,0
389,1,,,,8,8,8,8,,,,,8,,,,,,,,,28,28,,28,0,,,,8,8,8,,,225,,0,0,225,0,8,0,,,8,,,54,,,8,0,0,0,0
390,192,,,,8,8,8,8,,,,,8,,,,,,,,,103,103,,103,0,,,,8,8,8,,,225,,0,0,225,0,8,0,,,8,,,52,,,8,0,0,0,0
391,192,,,,0,0,0,0,,,,,0,,,,,,,,,103,103,,103,0,,,,0,0,0,,,0,,225,0,0,0,0,0,,,0,,,0,,,0,0,0,0,0
392,1,,,,8,8,8,8,,,,,8,,,,,,,,,103,103,,103,0,,,,8,8,8,,,225,,0,0,225,0,8,0,,,8,,,54,,,8,0,0,0,0
393,192,,,,0,0,0,0,,,,,0,,,,,,,,,103,103,,103,0,,,,0,0,0,,,0,,225,0,0,0,0,0,,,0,,,0,,,0,0,0,0,0
394,0,,,,8,8,8,8,,,,,8,,,,,,,,,122,122,,122,0,,,,8,8,8,,,225,,0,0,225,0,8,0,,,8,,,54,,,8,0,0,0,0
395,173,,,,8,8,8,8,,,,,8,,,,,,,,,122,122,,122,0,,,,8,8,8,,,225,,0,0,225,0,8,0,,,8,,,55,,,8,0,0,0,0
396,1,,,,0,0,0,0,,,,,0,,,,,,,,,27,27,,27,0,,,,0,0,0,,,225,,0,0,225,0,0,0,,,0,,,54,,,0,0,0,0,0
397,225,,,,8,8,8,8,,,,,8,,,,,,,,,28,28,,28,0,,,,8,8,8,,,225,,0,0,225,0,8,0,,,8,,,22,,,8,0,0,0,0
398,198,,,,225,225,225,225,,,,,225,,,,,,,,,27,27,,27,225,,,,225,225,225,,,225,,0,225,225,0,225,225,,,225,,,112,,,225,0,0,0,0
399,1,,,,8,8,8,8,,,,,8,,,,,,,,,28,28,,28,0,,,,8,8,8,,,225,,0,0,225,0,8,0,,,8,,,54,,,8,0,0,0,0
400,192,,,,8,8,8,8,,,,,8,,,,,,,,,103,103,,103,0,,,,8,8,8,,,225,,0,0,225,0,8,0,,,8,,,52,,,8,0,0,0,0
401,1,,,,8,8,8,8,,,,,8,,,,,,,,,103,103,,103,0,,,,8,8,8,,,225,,0,0,225,0,8,0,,,8,,,54,,,8,0,0,0,0
402,192,,,,0,0,0,0,,,,,0,,,,,,,,,103,103,,103,0,,,,0,0,0,,,0,,225,0,0,0,0,0,,,0,,,0,,,0,0,0,0,0
403,192,,,,0,0,0,0,,,,,0,,,,,,,,,103,103,,103,0,,,,0,0,0,,,0,,225,0,0,0,0,0,,,0,,,0,,,0,0,0,0,0
404,0,,,,8,8,8,8,,,,,8,,,,,,,,,122,122,,122,0,,,,8,8,8,,,225,,0,0,225,0,8,0,,,8,,,54,,,8,0,0,0,0
405,173,,,,8,8,8,8,,,,,8,,,,,,,,,122,122,,122,0,,,,8,8,8,,,225,,0,0,225,0,8,0,,,8,,,55,,,8,0,0,0,0
406,198,,,,225,225,225,225,,,,,225,,,,,,,,,27,27,,27,225,,,,225,225,225,,,225,,0,225,225,0,225,225,,,225,,,112,,,225,0,0,0,0
407,1,,,,0,0,0,0,,,,,0,,,,,,,,,27,27,,27,0,,,,0,0,0,,,225,,0,0,225,0,0,0,,,0,,,54,,,0,0,0,0,0
408,225,,,,8,8,8,8,,,,,8,,,,,,,,,28,28,,28,0,,,,8,8,8,,,225,,0,0,225,0,8,0,,,8,,,22,,,8,0,0,0,0
409,1,,,,8,8,8,8,,,,,8,,,,,,,,,28,28,,28,0,,,,8,8,8,,,225,,0,0,225,0,8,0,,,8,,,54,,,8,0,0,0,0
410,192,,,,0,0,0,0,,,,,0,,,,,,,,,103,103,,103,0,,,,0,0,0,,,0,,225,0,0,0,0,0,,,0,,,0,,,0,0,0,0,0
411,1,,,,8,8,8,8,,,,,8,,,,,,,,,103,103,,103,0,,,,8,8,8,,,225,,0,0,225,0,8,0,,,8,,,54,,,8,0,0,0,0
412,192,,,,8,8,8,8,,,,,8,,,,,,,,,103,103,,103,0,,,,8,8,8,,,225,,0,0,225,0,8,0,,,8,,,52,,,8,0,0,0,0
413,192,,,,0,0,0,0,,,,,0,,,,,,,,,103,103,,103,0,,,,0,0,0,,,0,,225,0,0,0,0,0,,,0,,,0,,,0,0,0,0,0
414,173,,,,8,8,8,8,,,,,8,,,,,,,,,122,122,,122,0,,,,8,8,8,,,225,,0,0,225,0,8,0,,,8,,,55,,,8,0,0,0,0
415,0,,,,8,8,8,8,,,,,8,,,,,,,,,122,122,,122,0,,,,8,8,8,,,225,,0,0,225,0,8,0,,,8,,,54,,,8,0,0,0,0
416,1,,,,0,0,0,0,,,,,0,,,,,,,,,27,27,,27,0,,,,0,0,0,,,225,,0,0,225,0,0,0,,,0,,,54,,,0,0,0,0,0
417,198,,,,225,225,225,225,,,,,225,,,,,,,,,27,27,,27,225,,,,225,225,225,,,225,,0,225,225,0,225,225,,,225,,,112,,,225,0,0,0,0
418,225,,,,8,8,8,8,,,,,8,,,,,,,,,28,28,,28,0,,,,8,8,8,,,225,,0,0,225,0,8,0,,,8,,,22,,,8,0,0,0,0
419,1,,,,8,8,8,8,,,,,8,,,,,,,,,28,28,,28,0,,,,8,8,8,,,225,,0,0,225,0,8,0,,,8,,,54,,,8,0,0,0,0
420,1,,,,8,8,8,8,,,,,8,,,,,,,,,103,103,,103,0,,,,8,8,8,,,225,,0,0,225,0,8,0,,,8,,,54,,,8,0,0,0,0
421,192,,,,0,0,0,0,,,,,0,,,,,,,,,103,103,,103,0,,,,0,0,0,,,0,,225,0,0,0,0,0,,,0,,,0,,,0,0,0,0,0
422,192,,,,8,8,8,8,,,,,8,,,,,,,,,103,103,,103,0,,,,8,8,8,,,225,,0,0,225,0,8,0,,,8,,,52,,,8,0,0,0,0
423,192,,,,0,0,0,0,,,,,0,,,,,,,,,103,103,,103,0,,,,0,0,0,,,0,,225,0,0,0,0,0,,,0,,,0,,,0,0,0,0,0
424,173,,,,8,8,8,8,,,,,8,,,,,,,,,122,122,,122,0,,,,8,8,8,,,225,,0,0,225,0,8,0,,,8,,,55,,,8,0,0,0,0
425,0,,,,8,8,8,8,,,,,8,,,,,,,,,122,122,,122,0,,,,8,8,8,,,225,,0,0,225,0,8,0,,,8,,,54,,,8,0,0,0,0
426,225,,,,8,8,8,8,,,,,8,,,,,,,,,28,28,,28,0,,,,8,8,8,,,225,,0,0,225,0,8,0,,,8,,,22,,,8,0,0,0,0
427,198,,,,225,225,225,225,,,,,225,,,,,,,,,27,27,,27,225,,,,225,225,225,,,225,,0,225,225,0,225,225,,,225,,,112,,,225,0,0,0,0
428,1,,,,0,0,0,0,,,,,0,,,,,,,,,27,27,,27,0,,,,0,0,0,,,225,,0,0,225,0,0,0,,,0,,,54,,,0,0,0,0,0
429,1,,,,8,8,8,8,,,,,8,,,,,,,,,28,28,,28,0,,,,8,8,8,,,225,,0,0,225,0,8,0,,,8,,,54,,,8,0,0,0,0
430,192,,,,8,8,8,8,,,,,8,,,,,,,,,103,103,,103,0,,,,8,8,8,,,225,,0,0,225,0,8,0,,,8,,,52,,,8,0,0,0,0
431,1,,,,8,8,8,8,,,,,8,,,,,,,,,103,103,,103,0,,,,8,8,8,,,225,,0,0,225,0,8,0,,,8,,,54,,,8,0,0,0,0
432,192,,,,0,0,0,0,,,,,0,,,,,,,,,103,103,,103,0,,,,0,0,0,,,0,,225,0,0,0,0,0,,,0,,,0,,,0,0,0,0,0
433,192,,,,0,0,0,0,,,,,0,,,,,,,,,103,103,,103,0,,,,0,0,0,,,0,,225,0,0,0,0,0,,,0,,,0,,,0,0,0,0,0
434,173,,,,8,8,8,8,,,,,8,,,,,,,,,122,122,,122,0,,,,8,8,8,,,225,,0,0,225,0,8,0,,,8,,,55,,,8,0,0,0,0
435,0,,,,8,8,8,8,,,,,8,,,,,,,,,122,122,,122,0,,,,8,8,8,,,225,,0,0,225,0,8,0,,,8,,,54,,,8,0,0,0,0
436,198,,,,225,225,225,225,,,,,225,,,,,,,,,27,27,,27,225,,,,225,225,225,,,225,,0,225,225,0,225,225,,,225,,,112,,,225,0,0,0,0
437,1,,,,0,0,0,0,,,,,0,,,,,,,,,27,27,,27,0,,,,0,0,0,,,225,,0,0,225,0,0,0,,,0,,,54,,,0,0,0,0,0
438,225,,,,8,8,8,8,,,,,8,,,,,,,,,28,28,,28,0,,,,8,8,8,,,225,,0,0,225,0,8,0,,,8,,,22,,,8,0,0,0,0
439,1,,,,8,8,8,8,,,,,8,,,,,,,,,28,28,,28,0,,,,8,8,8,,,225,,0,0,225,0,8,0,,,8,,,54,,,8,0,0,0,0
440,192,,,,8,8,8,8,,,,,8,,,,,,,,,103,103,,103,0,,,,8,8,8,,,225,,0,0,225,0,8,0,,,8,,,52,,,8,0,0,0,0
441,1,,,,8,8,8,8,,,,,8,,,,,,,,,103,103,,103,0,,,,8,8,8,,,225,,0,0,225,0,8,0,,,8,,,54,,,8,0,0,0,0
442,192,,,,0,0,0,0,,,,,0,,,,,,,,,103,103,,103,0,,,,0,0,0,,,0,,225,0,0,0,0,0,,,0,,,0,,,0,0,0,0,0
443,192,,,,0,0,0,0,,,,,0,,,,,,,,,103,103,,103,0,,,,0,0,0,,,0,,225,0,0,0,0,0,,,0,,,0,,,0,0,0,0,0
444,1,,,,0,0,0,0,,,,,0,,,,,,,,,27,27,,27,0,,,,0,0,0,,,225,,0,0,225,0,0,0,,,0,,,54,,,0,0,0,0,0
445,198,,,,225,225,225,225,,,,,225,,,,,,,,,27,27,,27,225,,,,225,225,225,,,225,,0,225,225,0,225,225,,,225,,,112,,,225,0,0,0,0
446,225,,,,8,8,8,8,,,,,8,,,,,,,,,28,28,,28,0,,,,8,8,8,,,225,,0,0,225,0,8,0,,,8,,,22,,,8,0,0,0,0
447,1,,,,8,8,8,8,,,,,8,,,,,,,,,28,28,,28,0,,,,8,8,8,,,225,,0,0,225,0,8,0,,,8,,,54,,,8,0,0,0,0
448,0,,,,8,8,8,8,,,,,8,,,,,,,,,122,122,,122,0,,,,8,8,8,,,225,,0,0,225,0,8,0,,,8,,,54,,,8,0,0,0,0
449,173,,,,8,8,8,8,,,,,8,,,,,,,,,122,122,,122,0,,,,8,8,8,,,225,,0,0,225,0,8,0,,,8,,,55,,,8,0,0,0,0
450,1,,,,8,8,8,8,,,,,8,,,,,,,,,103,103,,103,0,,,,8,8,8,,,225,,0,0,225,0,8,0,,,8,,,54,,,8,0,0,0,0
451,192,,,,0,0,0,0,,,,,0,,,,,,,,,103,103,,103,0,,,,0,0,0,,,0,,225,0,0,0,0,0,,,0,,,0,,,0,0,0,0,0
452,192,,,,8,8,8,8,,,,,8,,,,,,,,,103,103,,103,0,,,,8,8,8,,,225,,0,0,225,0,8,0,,,8,,,52,,,8,0,0,0,0
453,192,,,,0,0,0,0,,,,,0,,,,,,,,,103,103,,103,0,,,,0,0,0,,,0,,225,0,0,0,0,0,,,0,,,0,,,0,0,0,0,0
454,1,,,,0,0,0,0,,,,,0,,,,,,,,,27,27,,27,0,,,,0,0,0,,,225,,0,0,225,0,0,0,,,0,,,54,,,0,0,0,0,0
455,198,,,,225,225,225,225,,,,,225,,,,,,,,,27,27,,27,225,,,,225,225,225,,,225,,0,225,225,0,225,225,,,225,,,112,,,225,0,0,0,0
456,225,,,,8,8,8,8,,,,,8,,,,,,,,,28,28,,28,0,,,,8,8,8,,,225,,0,0,225,0,8,0,,,8,,,22,,,8,0,0,0,0
457,1,,,,8,8,8,8,,,,,8,,,,,,,,,28,28,,28,0,,,,8,8,8,,,225,,0,0,225,0,8,0,,,8,,,54,,,8,0,0,0,0
458,0,,,,8,8,8,8,,,,,8,,,,,,,,,122,122,,122,0,,,,8,8,8,,,225,,0,0,225,0,8,0,,,8,,,54,,,8,0,0,0,0
459,173,,,,8,8,8,8,,,,,8,,,,,,,,,122,122,,122,0,,,,8,8,8,,,225,,0,0,225,0,8,0,,,8,,,55,,,8,0,0,0,0
460,192,,,,0,0,0,0,,,,,0,,,,,,,,,103,103,,103,0,,,,0,0,0,,,0,,225,0,0,0,0,0,,,0,,,0,,,0,0,0,0,0
461,1,,,,8,8,8,8,,,,,8,,,,,,,,,103,103,,103,0,,,,8,8,8,,,225,,0,0,225,0,8,0,,,8,,,54,,,8,0,0,0,0
462,192,,,,8,8,8,8,,,,,8,,,,,,,,,103,103,,103,0,,,,8,8,8,,,225,,0,0,225,0,8,0,,,8,,,52,,,8,0,0,0,0
463,192,,,,0,0,0,0,,,,,0,,,,,,,,,103,103,,103,0,,,,0,0,0,,,0,,225,0,0,0,0,0,,,0,,,0,,,0,0,0,0,0
464,198,,,,225,225,225,225,,,,,225,,,,,,,,,27,27,,27,225,,,,225,225,225,,,225,,0,225,225,0,225,225,,,225,,,112,,,225,0,0,0,0
465,1,,,,0,0,0,0,,,,,0,,,,,,,,,27,27,,27,0,,,,0,0,0,,,225,,0,0,225,0,0,0,,,0,,,54,,,0,0,0,0,0
466,225,,,,8,8,8,8,,,,,8,,,,,,,,,28,28,,28,0,,,,8,8,8,,,225,,0,0,225,0,8,0,,,8,,,22,,,8,0,0,0,0
467,1,,,,8,8,8,8,,,,,8,,,,,,,,,28,28,,28,0,,,,8,8,8,,,225,,0,0,225,0,8,0,,,8,,,54,,,8,0,0,0,0
468,173,,,,8,8,8,8,,,,,8,,,,,,,,,122,122,,122,0,,,,8,8,8,,,225,,0,0,225,0,8,0,,,8,,,55,,,8,0,0,0,0
469,0,,,,8,8,8,8,,,,,8,,,,,,,,,122,122,,122,0,,,,8,8,8,,,225,,0,0,225,0,8,0,,,8,,,54,,,8,0,0,0,0
470,192,,,,8,8,8,8,,,,,8,,,,,,,,,103,103,,103,0,,,,8,8,8,,,225,,0,0,225,0,8,0,,,8,,,52,,,8,0,0,0,0
471,1,,,,8,8,8,8,,,,,8,,,,,,,,,103,103,,103,0,,,,8,8,8,,,225,,0,0,225,0,8,0,,,8,,,54,,,8,0,0,0,0
472,192,,,,0,0,0,0,,,,,0,,,,,,,,,103,103,,103,0,,,,0,0,0,,,0,,225,0,0,0,0,0,,,0,,,0,,,0,0,0,0,0
473,192,,,,0,0,0,0,,,,,0,,,,,,,,,103,103,,103,0,,,,0,0,0,,,0,,225,0,0,0,0,0,,,0,,,0,,,0,0,0,0,0
474,198,,,,225,225,225,225,,,,,225,,,,,,,,,27,27,,27,225,,,,225,225,225,,,225,,0,225,225,0,225,225,,,225,,,112,,,225,0,0,0,0
475,1,,,,0,0,0,0,,,,,0,,,,,,,,,27,27,,27,0,,,,0,0,0,,,225,,0,0,225,0,0,0,,,0,,,54,,,0,0,0,0,0
476,225,,,,8,8,8,8,,,,,8,,,,,,,,,28,28,,28,0,,,,8,8,8,,,225,,0,0,225,0,8,0,,,8,,,22,,,8,0,0,0,0
477,1,,,,8,8,8,8,,,,,8,,,,,,,,,28,28,,28,0,,,,8,8,8,,,225,,0,0,225,0,8,0,,,8,,,54,,,8,0,0,0,0
478,173,,,,8,8,8,8,,,,,8,,,,,,,,,122,122,,122,0,,,,8,8,8,,,225,,0,0,225,0,8,0,,,8,,,55,,,8,0,0,0,0
479,0,,,,8,8,8,8,,,,,8,,,,,,,,,122,122,,122,0,,,,8,8,8,,,225,,0,0,225,0,8,0,,,8,,,54,,,8,0,0,0,0
480,1,,,,8,8,8,8,,,,,8,,,,,,,,,103,103,,103,0,,,,8,8,8,,,225,,0,0,225,0,8,0,,,8,,,54,,,8,0,0,0,0
481,192,,,,8,8,8,8,,,,,8,,,,,,,,,103,103,,103,0,,,,8,8,8,,,225,,0,0,225,0,8,0,,,8,,,52,,,8,0,0,0,0
482,192,,,,0,0,0,0,,,,,0,,,,,,,,,103,103,,103,0,,,,0,0,0,,,0,,225,0,0,0,0,0,,,0,,,0,,,0,0,0,0,0
483,192,,,,0,0,0,0,,,,,0,,,,,,,,,103,103,,103,0,,,,0,0,0,,,0,,225,0,0,0,0,0,,,0,,,0,,,0,0,0,0,0
484,1,,,,0,0,0,0,,,,,0,,,,,,,,,27,27,,27,0,,,,0,0,0,,,225,,0,0,225,0,0,0,,,0,,,54,,,0,0,0,0,0
485,198,,,,225,225,225,225,,,,,225,,,,,,,,,27,27,,27,225,,,,225,225,225,,,225,,0,225,225,0,225,225,,,225,,,112,,,225,0,0,0,0
486,225,,,,8,8,8,8,,,,,8,,,,,,,,,28,28,,28,0,,,,8,8,8,,,225,,0,0,225,0,8,0,,,8,,,22,,,8,0,0,0,0
487,1,,,,8,8,8,8,,,,,8,,,,,,,,,28,28,,28,0,,,,8,8,8,,,225,,0,0,225,0,8,0,,,8,,,54,,,8,0,0,0,0
488,0,,,,8,8,8,8,,,,,8,,,,,,,,,122,122,,122,0,,,,8,8,8,,,225,,0,0,225,0,8,0,,,8,,,54,,,8,0,0,0,0
489,173,,,,8,8,8,8,,,,,8,,,,,,,,,122,122,,122,0,,,,8,8,8,,,225,,0,0,225,0,8,0,,,8,,,55,,,8,0,0,0,0
490,192,,,,8,8,8,8,,,,,8,,,,,,,,,103,103,,103,0,,,,8,8,8,,,225,,0,0,225,0,8,0,,,8,,,52,,,8,0,0,0,0
491,192,,,,0,0,0,0,,,,,0,,,,,,,,,103,103,,103,0,,,,0,0,0,,,0,,225,0,0,0,0,0,,,0,,,0,,,0,0,0,0,0
492,1,,,,8,8,8,8,,,,,8,,,,,,,,,103,103,,103,0,,,,8,8,8,,,225,,0,0,225,0,8,0,,,8,,,54,,,8,0,0,0,0
493,192,,,,0,0,0,0,,,,,0,,,,,,,,,103,103,,103,0,,,,0,0,0,,,0,,225,0,0,0,0,0,,,0,,,0,,,0,0,0,0,0
494,173,,,,8,8,8,8,,,,,8,,,,,,,,,122,122,,122,0,,,,8,8,8,,,225,,0,0,225,0,8,0,,,8,,,55,,,8,0,0,0,0
495,0,,,,8,8,8,8,,,,,8,,,,,,,,,122,122,,122,0,,,,8,8,8,,,225,,0,0,225,0,8,0,,,8,,,54,,,8,0,0,0,0
496,1,,,,8,8,8,8,,,,,8,,,,,,,,,103,103,,103,0,,,,8,8,8,,,225,,0,0,225,0,8,0,,,8,,,54,,,8,0,0,0,0
497,192,,,,8,8,8,8,,,,,8,,,,,,,,,103,103,,103,0,,,,8,8,8,,,225,,0,0,225,0,8,0,,,8,,,52,,,8,0,0,0,0
498,192,,,,0,0,0,0,,,,,0,,,,,,,,,103,103,,103,0,,,,0,0,0,,,0,,225,0,0,0,0,0,,,0,,,0,,,0,0,0,0,0
499,192,,,,0,0,0,0,,,,,0,,,,,,,,,103,103,,103,0,,,,0,0,0,,,0,,225,0,0,0,0,0,,,0,,,0,,,0,0,0,0,0
500,225,,,,8,8,8,8,,,,,8,,,,,,,,,28,28,,28,0,,,,8,8,8,,,225,,0,0,225,0,8,0,,,8,,,22,,,8,0,0,0,0
501,198,,,,225,225,225,225,,,,,225,,,,,,,,,27,27,,27,225,,,,225,225,225,,,225,,0,225,225,0,225,225,,,225,,,112,,,225,0,0,0,0
502,1,,,,0,0,0,0,,,,,0,,,,,,,,,27,27,,27,0,,,,0,0,0,,,225,,0,0,225,0,0,0,,,0,,,54,,,0,0,0,0,0
503,1,,,,8,8,8,8,,,,,8,,,,,,,,,28,28,,28,0,,,,8,8,8,,,225,,0,0,225,0,8,0,,,8,,,54,,,8,0,0,0,0
504,173,,,,8,8,8,8,,,,,8,,,,,,,,,122,122,,122,0,,,,8,8,8,,,225,,0,0,225,0,8,0,,,8,,,55,,,8,0,0,0,0
505,0,,,,8,8,8,8,,,,,8,,,,,,,,,122,122,,122,0,,,,8,8,8,,,225,,0,0,225,0,8,0,,,8,,,54,,,8,0,0,0,0
506,1,,,,8,8,8,8,,,,,8,,,,,,,,,103,103,,103,0,,,,8,8,8,,,225,,0,0,225,0,8,0,,,8,,,54,,,8,0,0,0,0
507,192,,,,8,8,8,8,,,,,8,,,,,,,,,103,103,,103,0,,,,8,8,8,,,225,,0,0,225,0,8,0,,,8,,,52,,,8,0,0,0,0
508,192,,,,0,0,0,0,,,,,0,,,,,,,,,103,103,,103,0,,,,0,0,0,,,0,,225,0,0,0,0,0,,,0,,,0,,,0,0,0,0,0
509,192,,,,0,0,0,0,,,,,0,,,,,,,,,103,103,,103,0,,,,0,0,0,,,0,,225,0,0,0,0,0,,,0,,,0,,,0,0,0,0,0
510,198,,,,225,225,225,225,,,,,225,,,,,,,,,27,27,,27,225,,,,225,225,225,,,225,,0,225,225,0,225,225,,,225,,,112,,,225,0,0,0,0
511,1,,,,0,0,0,0,,,,,0,,,,,,,,,27,27,,27,0,,,,0,0,0,,,225,,0,0,225,0,0,0,,,0,,,54,,,0,0,0,0,0
512,225,,,,8,8,8,8,,,,,8,,,,,,,,,28,28,,28,0,,,,8,8,8,,,225,,0,0,225,0,8,0,,,8,,,22,,,8,0,0,0,0
513,1,,,,8,8,8,8,,,,,8,,,,,,,,,28,28,,28,0,,,,8,8,8,,,225,,0,0,225,0,8,0,,,8,,,54,,,8,0,0,0,0
514,173,,,,8,8,8,8,,,,,8,,,,,,,,,122,122,,122,0,,,,8,8,8,,,225,,0,0,225,0,8,0,,,8,,,55,,,8,0,0,0,0
515,0,,,,8,8,8,8,,,,,8,,,,,,,,,122,122,,122,0,,,,8,8,8,,,225,,0,0,225,0,8,0,,,8,,,54,,,8,0,0,0,0
516,1,,,,8,8,8,8,,,,,8,,,,,,,,,103,103,,103,0,,,,8,8,8,,,225,,0,0,225,0,8,0,,,8,,,54,,,8,0,0,0,0
517,192,,,,8,8,8,8,,,,,8,,,,,,,,,103,103,,103,0,,,,8,8,8,,,225,,0,0,225,0,8,0,,,8,,,52,,,8,0,0,0,0
518,192,,,,0,0,0,0,,,,,0,,,,,,,,,103,103,,103,0,,,,0,0,0,,,0,,225,0,0,0,0,0,,,0,,,0,,,0,0,0,0,0
519,192,,,,0,0,0,0,,,,,0,,,,,,,,,103,103,,103,0,,,,0,0,0,,,0,,225,0,0,0,0,0,,,0,,,0,,,0,0,0,0,0
520,1,,,,0,0,0,0,,,,,0,,,,,,,,,27,27,,27,0,,,,0,0,0,,,225,,0,0,225,0,0,0,,,0,,,54,,,0,0,0,0,0
521,225,,,,8,8,8,8,,,,,8,,,,,,,,,28,28,,28,0,,,,8,8,8,,,225,,0,0,225,0,8,0,,,8,,,22,,,8,0,0,0,0
522,198,,,,225,225,225,225,,,,,225,,,,,,,,,27,27,,27,225,,,,225,225,225,,,225,,0,225,225,0,225,225,,,225,,,112,,,225,0,0,0,0
523,1,,,,8,8,8,8,,,,,8,,,,,,,,,28,28,,28,0,,,,8,8,8,,,225,,0,0,225,0,8,0,,,8,,,54,,,8,0,0,0,0
524,0,,,,8,8,8,8,,,,,8,,,,,,,,,122,122,,122,0,,,,8,8,8,,,225,,0,0,225,0,8,0,,,8,,,54,,,8,0,0,0,0
525,173,,,,8,8,8,8,,,,,8,,,,,,,,,122,122,,122,0,,,,8,8,8,,,225,,0,0,225,0,8,0,,,8,,,55,,,8,0,0,0,0
526,1,,,,8,8,8,8,,,,,8,,,,,,,,,103,103,,103,0,,,,8,8,8,,,225,,0,0,225,0,8,0,,,8,,,54,,,8,0,0,0,0
527,192,,,,8,8,8,8,,,,,8,,,,,,,,,103,103,,103,0,,,,8,8,8,,,225,,0,0,225,0,8,0,,,8,,,52,,,8,0,0,0,0
528,192,,,,0,0,0,0,,,,,0,,,,,,,,,103,103,,103,0,,,,0,0,0,,,0,,225,0,0,0,0,0,,,0,,,0,,,0,0,0,0,0
529,192,,,,0,0,0,0,,,,,0,,,,,,,,,103,103,,103,0,,,,0,0,0,,,0,,225,0,0,0,0,0,,,0,,,0,,,0,0,0,0,0
530,198,,,,225,225,225,225,,,,,225,,,,,,,,,27,27,,27,225,,,,225,225,225,,,225,,0,225,225,0,225,225,,,225,,,112,,,225,0,0,0,0
531,1,,,,0,0,0,0,,,,,0,,,,,,,,,27,27,,27,0,,,,0,0,0,,,225,,0,0,225,0,0,0,,,0,,,54,,,0,0,0,0,0
532,225,,,,8,8,8,8,,,,,8,,,,,,,,,28,28,,28,0,,,,8,8,8,,,225,,0,0,225,0,8,0,,,8,,,22,,,8,0,0,0,0
533,1,,,,8,8,8,8,,,,,8,,,,,,,,,28,28,,28,0,,,,8,8,8,,,225,,0,0,225,0,8,0,,,8,,,54,,,8,0,0,0,0
534,198,,,,225,225,225,225,,,,,225,,,,,,,,,27,27,,27,225,,,,225,225,225,,,225,,0,225,225,0,225,225,,,225,,,112,,,225,0,0,0,0
535,1,,,,0,0,0,0,,,,,0,,,,,,,,,27,27,,27,0,,,,0,0,0,,,225,,0,0,225,0,0,0,,,0,,,54,,,0,0,0,0,0
536,225,,,,8,8,8,8,,,,,8,,,,,,,,,28,28,,28,0,,,,8,8,8,,,225,,0,0,225,0,8,0,,,8,,,22,,,8,0,0,0,0
537,1,,,,8,8,8,8,,,,,8,,,,,,,,,28,28,,28,0,,,,8,8,8,,,225,,0,0,225,0,8,0,,,8,,,54,,,8,0,0,0,0
538,173,,,,8,8,8,8,,,,,8,,,,,,,,,122,122,,122,0,,,,8,8,8,,,225,,0,0,225,0,8,0,,,8,,,55,,,8,0,0,0,0
539,0,,,,8,8,8,8,,,,,8,,,,,,,,,122,122,,122,0,,,,8,8,8,,,225,,0,0,225,0,8,0,,,8,,,54,,,8,0,0,0,0
540,192,,,,8,8,8,8,,,,,8,,,,,,,,,103,103,,103,0,,,,8,8,8,,,225,,0,0,225,0,8,0,,,8,,,52,,,8,0,0,0,0
541,1,,,,8,8,8,8,,,,,8,,,,,,,,,103,103,,103,0,,,,8,8,8,,,225,,0,0,225,0,8,0,,,8,,,54,,,8,0,0,0,0
542,192,,,,0,0,0,0,,,,,0,,,,,,,,,103,103,,103,0,,,,0,0,0,,,0,,225,0,0,0,0,0,,,0,,,0,,,0,0,0,0,0
543,192,,,,0,0,0,0,,,,,0,,,,,,,,,103,103,,103,0,,,,0,0,0,,,0,,225,0,0,0,0,0,,,0,,,0,,,0,0,0,0,0
544,198,,,,225,225,225,225,,,,,225,,,,,,,,,27,27,,27,225,,,,225,225,225,,,225,,0,225,225,0,225,225,,,225,,,112,,,225,0,0,0,0
545,225,,,,8,8,8,8,,,,,8,,,,,,,,,28,28,,28,0,,,,8,8,8,,,225,,0,0,225,0,8,0,,,8,,,22,,,8,0,0,0,0
546,1,,,,0,0,0,0,,,,,0,,,,,,,,,27,27,,27,0,,,,0,0,0,,,225,,0,0,225,0,0,0,,,0,,,54,,,0,0,0,0,0
547,1,,,,8,8,8,8,,,,,8,,,,,,,,,28,28,,28,0,,,,8,8,8,,,225,,0,0,225,0,8,0,,,8,,,54,,,8,0,0,0,0
548,173,,,,8,8,8,8,,,,,8,,,,,,,,,122,122,,122,0,,,,8,8,8,,,225,,0,0,225,0,8,0,,,8,,,55,,,8,0,0,0,0
549,0,,,,8,8,8,8,,,,,8,,,,,,,,,122,122,,122,0,,,,8,8,8,,,225,,0,0,225,0,8,0,,,8,,,54,,,8,0,0,0,0
550,192,,,,8,8,8,8,,,,,8,,,,,,,,,103,103,,103,0,,,,8,8,8,,,225,,0,0,225,0,8,0,,,8,,,52,,,8,0,0,0,0
551,192,,,,0,0,0,0,,,,,0,,,,,,,,,103,103,,103,0,,,,0,0,0,,,0,,225,0,0,0,0,0,,,0,,,0,,,0,0,0,0,0
552,1,,,,8,8,8,8,,,,,8,,,,,,,,,103,103,,103,0,,,,8,8,8,,,225,,0,0,225,0,8,0,,,8,,,54,,,8,0,0,0,0
553,192,,,,0,0,0,0,,,,,0,,,,,,,,,103,103,,103,0,,,,0,0,0,,,0,,225,0,0,0,0,0,,,0,,,0,,,0,0,0,0,0
554,173,,,,8,8,8,8,,,,,8,,,,,,,,,122,122,,122,0,,,,8,8,8,,,225,,0,0,225,0,8,0,,,8,,,55,,,8,0,0,0,0
555,0,,,,8,8,8,8,,,,,8,,,,,,,,,122,122,,122,0,,,,8,8,8,,,225,,0,0,225,0,8,0,,,8,,,54,,,8,0,0,0,0
556,198,,,,225,225,225,225,,,,,225,,,,,,,,,27,27,,27,225,,,,225,225,225,,,225,,0,225,225,0,225,225,,,225,,,112,,,225,0,0,0,0
557,1,,,,0,0,0,0,,,,,0,,,,,,,,,27,27,,27,0,,,,0,0,0,,,225,,0,0,225,0,0,0,,,0,,,54,,,0,0,0,0,0
558,225,,,,8,8,8,8,,,,,8,,,,,,,,,28,28,,28,0,,,,8,8,8,,,225,,0,0,225,0,8,0,,,8,,,22,,,8,0,0,0,0
559,1,,,,8,8,8,8,,,,,8,,,,,,,,,28,28,,28,0,,,,8,8,8,,,225,,0,0,225,0,8,0,,,8,,,54,,,8,0,0,0,0
560,1,,,,8,8,8,8,,,,,8,,,,,,,,,103,103,,103,0,,,,8,8,8,,,225,,0,0,225,0,8,0,,,8,,,54,,,8,0,0,0,0
561,192,,,,0,0,0,0,,,,,0,,,,,,,,,103,103,,103,0,,,,0,0,0,,,0,,225,0,0,0,0,0,,,0,,,0,,,0,0,0,0,0
562,192,,,,8,8,8,8,,,,,8,,,,,,,,,103,103,,103,0,,,,8,8,8,,,225,,0,0,225,0,8,0,,,8,,,52,,,8,0,0,0,0
563,192,,,,0,0,0,0,,,,,0,,,,,,,,,103,103,,103,0,,,,0,0,0,,,0,,225,0,0,0,0,0,,,0,,,0,,,0,0,0,0,0
564,0,,,,8,8,8,8,,,,,8,,,,,,,,,122,122,,122,0,,,,8,8,8,,,225,,0,0,225,0,8,0,,,8,,,54,,,8,0,0,0,0
565,173,,,,8,8,8,8,,,,,8,,,,,,,,,122,122,,122,0,,,,8,8,8,,,225,,0,0,225,0,8,0,,,8,,,55,,,8,0,0,0,0
566,1,,,,0,0,0,0,,,,,0,,,,,,,,,27,27,,27,0,,,,0,0,0,,,225,,0,0,225,0,0,0,,,0,,,54,,,0,0,0,0,0
567,225,,,,8,8,8,8,,,,,8,,,,,,,,,28,28,,28,0,,,,8,8,8,,,225,,0,0,225,0,8,0,,,8,,,22,,,8,0,0,0,0
568,198,,,,225,225,225,225,,,,,225,,,,,,,,,27,27,,27,225,,,,225,225,225,,,225,,0,225,225,0,225,225,,,225,,,112,,,225,0,0,0,0
569,1,,,,8,8,8,8,,,,,8,,,,,,,,,28,28,,28,0,,,,8,8,8,,,225,,0,0,225,0,8,0,,,8,,,54,,,8,0,0,0,0
570,1,,,,8,8,8,8,,,,,8,,,,,,,,,103,103,,103,0,,,,8,8,8,,,225,,0,0,225,0,8,0,,,8,,,54,,,8,0,0,0,0
571,192,,,,0,0,0,0,,,,,0,,,,,,,,,103,103,,103,0,,,,0,0,0,,,0,,225,0,0,0,0,0,,,0,,,0,,,0,0,0,0,0
572,192,,,,8,8,8,8,,,,,8,,,,,,,,,103,103,,103,0,,,,8,8,8,,,225,,0,0,225,0,8,0,,,8,,,52,,,8,0,0,0,0
573,192,,,,0,0,0,0,,,,,0,,,,,,,,,103,103,,103,0,,,,0,0,0,,,0,,225,0,0,0,0,0,,,0,,,0,,,0,0,0,0,0
574,192,,,,0,0,0,0,,,,,0,,,,,,,,,103,103,,103,0,,,,0,0,0,,,0,,225,0,0,0,0,0,,,0,,,0,,,0,0,0,0,0
575,192,,,,8,8,8,8,,,,,8,,,,,,,,,103,103,,103,0,,,,8,8,8,,,225,,0,0,225,0,8,0,,,8,,,52,,,8,0,0,0,0
576,1,,,,8,8,8,8,,,,,8,,,,,,,,,103,103,,103,0,,,,8,8,8,,,225,,0,0,225,0,8,0,,,8,,,54,,,8,0,0,0,0
577,192,,,,0,0,0,0,,,,,0,,,,,,,,,103,103,,103,0,,,,0,0,0,,,0,,225,0,0,0,0,0,,,0,,,0,,,0,0,0,0,0
578,1,,,,0,0,0,0,,,,,0,,,,,,,,,27,27,,27,0,,,,0,0,0,,,225,,0,0,225,0,0,0,,,0,,,54,,,0,0,0,0,0
579,198,,,,225,225,225,225,,,,,225,,,,,,,,,27,27,,27,225,,,,225,225,225,,,225,,0,225,225,0,225,225,,,225,,,112,,,225,0,0,0,0
580,225,,,,8,8,8,8,,,,,8,,,,,,,,,28,28,,28,0,,,,8,8,8,,,225,,0,0,225,0,8,0,,,8,,,22,,,8,0,0,0,0
581,1,,,,8,8,8,8,,,,,8,,,,,,,,,28,28,,28,0,,,,8,8,8,,,225,,0,0,225,0,8,0,,,8,,,54,,,8,0,0,0,0
582,192,,,,0,0,0,0,,,,,0,,,,,,,,,103,103,,103,0,,,,0,0,0,,,0,,225,0,0,0,0,0,,,0,,,0,,,0,0,0,0,0
583,1,,,,8,8,8,8,,,,,8,,,,,,,,,103,103,,103,0,,,,8,8,8,,,225,,0,0,225,0,8,0,,,8,,,54,,,8,0,0,0,0
584,192,,,,8,8,8,8,,,,,8,,,,,,,,,103,103,,103,0,,,,8,8,8,,,225,,0,0,225,0,8,0,,,8,,,52,,,8,0,0,0,0
585,192,,,,0,0,0,0,,,,,0,,,,,,,,,103,103,,103,0,,,,0,0,0,,,0,,225,0,0,0,0,0,,,0,,,0,,,0,0,0,0,0
586,198,,,,225,225,225,225,,,,,225,,,,,,,,,27,27,,27,225,,,,225,225,225,,,225,,0,225,225,0,225,225,,,225,,,112,,,225,0,0,0,0
587,1,,,,0,0,0,0,,,,,0,,,,,,,,,27,27,,27,0,,,,0,0,0,,,225,,0,0,225,0,0,0,,,0,,,54,,,0,0,0,0,0
588,225,,,,8,8,8,8,,,,,8,,,,,,,,,28,28,,28,0,,,,8,8,8,,,225,,0,0,225,0,8,0,,,8,,,22,,,8,0,0,0,0
589,1,,,,8,8,8,8,,,,,8,,,,,,,,,28,28,,28,0,,,,8,8,8,,,225,,0,0,225,0,8,0,,,8,,,54,,,8,0,0,0,0
590,225,,,,8,8,8,8,,,,,8,,,,,,,,,28,28,,28,0,,,,8,8,8,,,225,,0,0,225,0,8,0,,,8,,,22,,,8,0,0,0,0
591,1,,,,0,0,0,0,,,,,0,,,,,,,,,27,27,,27,0,,,,0,0,0,,,225,,0,0,225,0,0,0,,,0,,,54,,,0,0,0,0,0
592,198,,,,225,225,225,225,,,,,225,,,,,,,,,27,27,,27,225,,,,225,225,225,,,225,,0,225,225,0,225,225,,,225,,,112,,,225,0,0,0,0
593,1,,,,8,8,8,8,,,,,8,,,,,,,,,28,28,,28,0,,,,8,8,8,,,225,,0,0,225,0,8,0,,,8,,,54,,,8,0,0,0,0
594,192,,,,8,8,8,8,,,,,8,,,,,,,,,103,103,,103,0,,,,8,8,8,,,225,,0,0,225,0,8,0,,,8,,,52,,,8,0,0,0,0
595,192,,,,0,0,0,0,,,,,0,,,,,,,,,103,103,,103,0,,,,0,0,0,,,0,,225,0,0,0,0,0,,,0,,,0,,,0,0,0,0,0
596,1,,,,8,8,8,8,,,,,8,,,,,,,,,103,103,,103,0,,,,8,8,8,,,225,,0,0,225,0,8,0,,,8,,,54,,,8,0,0,0,0
597,192,,,,0,0,0,0,,,,,0,,,,,,,,,103,103,,103,0,,,,0,0,0,,,0,,225,0,0,0,0,0,,,0,,,0,,,0,0,0,0,0
598,198,,,,225,225,225,225,,,,,225,,,,,,,,,27,27,,27,225,,,,225,225,225,,,225,,0,225,225,0,225,225,,,225,,,112,,,225,0,0,0,0
599,225,,,,8,8,8,8,,,,,8,,,,,,,,,28,28,,28,0,,,,8,8,8,,,225,,0,0,225,0,8,0,,,8,,,22,,,8,0,0,0,0
600,1,,,,0,0,0,0,,,,,0,,,,,,,,,27,27,,27,0,,,,0,0,0,,,225,,0,0,225,0,0,0,,,0,,,54,,,0,0,0,0,0
601,1,,,,8,8,8,8,,,,,8,,,,,,,,,28,28,,28,0,,,,8,8,8,,,225,,0,0,225,0,8,0,,,8,,,54,,,8,0,0,0,0
602,1,,,,8,8,8,8,,,,,8,,,,,,,,,103,103,,103,0,,,,8,8,8,,,225,,0,0,225,0,8,0,,,8,,,54,,,8,0,0,0,0
603,192,,,,8,8,8,8,,,,,8,,,,,,,,,103,103,,103,0,,,,8,8,8,,,225,,0,0,225,0,8,0,,,8,,,52,,,8,0,0,0,0
604,192,,,,0,0,0,0,,,,,0,,,,,,,,,103,103,,103,0,,,,0,0,0,,,0,,225,0,0,0,0,0,,,0,,,0,,,0,0,0,0,0
605,192,,,,0,0,0,0,,,,,0,,,,,,,,,103,103,,103,0,,,,0,0,0,,,0,,225,0,0,0,0,0,,,0,,,0,,,0,0,0,0,0
606,225,,,,8,8,8,8,,,,,8,,,,,,,,,28,28,,28,0,,,,8,8,8,,,225,,0,0,225,0,8,0,,,8,,,22,,,8,0,0,0,0
607,1,,,,0,0,0,0,,,,,0,,,,,,,,,27,27,,27,0,,,,0,0,0,,,225,,0,0,225,0,0,0,,,0,,,54,,,0,0,0,0,0
608,198,,,,225,225,225,225,,,,,225,,,,,,,,,27,27,,27,225,,,,225,225,225,,,225,,0,225,225,0,225,225,,,225,,,112,,,225,0,0,0,0
609,1,,,,8,8,8,8,,,,,8,,,,,,,,,28,28,,28,0,,,,8,8,8,,,225,,0,0,225,0,8,0,,,8,,,54,,,8,0,0,0,0
610,192,,,,8,8,8,8,,,,,8,,,,,,,,,103,103,,103,0,,,,8,8,8,,,225,,0,0,225,0,8,0,,,8,,,52,,,8,0,0,0,0
611,1,,,,8,8,8,8,,,,,8,,,,,,,,,103,103,,103,0,,,,8,8,8,,,225,,0,0,225,0,8,0,,,8,,,54,,,8,0,0,0,0
612,192,,,,0,0,0,0,,,,,0,,,,,,,,,103,103,,103,0,,,,0,0,0,,,0,,225,0,0,0,0,0,,,0,,,0,,,0,0,0,0,0
613,192,,,,0,0,0,0,,,,,0,,,,,,,,,103,103,,103,0,,,,0,0,0,,,0,,225,0,0,0,0,0,,,0,,,0,,,0,0,0,0,0
614,1,,,,0,0,0,0,,,,,0,,,,,,,,,27,27,,27,0,,,,0,0,0,,,225,,0,0,225,0,0,0,,,0,,,54,,,0,0,0,0,0
615,198,,,,225,225,225,225,,,,,225,,,,,,,,,27,27,,27,225,,,,225,225,225,,,225,,0,225,225,0,225,225,,,225,,,112,,,225,0,0,0,0
616,225,,,,8,8,8,8,,,,,8,,,,,,,,,28,28,,28,0,,,,8,8,8,,,225,,0,0,225,0,8,0,,,8,,,22,,,8,0,0,0,0
617,1,,,,8,8,8,8,,,,,8,,,,,,,,,28,28,,28,0,,,,8,8,8,,,225,,0,0,225,0,8,0,,,8,,,54,,,8,0,0,0,0
618,192,,,,8,8,8,8,,,,,8,,,,,,,,,103,103,,103,0,,,,8,8,8,,,225,,0,0,225,0,8,0,,,8,,,52,,,8,0,0,0,0
619,192,,,,0,0,0,0,,,,,0,,,,,,,,,103,103,,103,0,,,,0,0,0,,,0,,225,0,0,0,0,0,,,0,,,0,,,0,0,0,0,0
620,1,,,,8,8,8,8,,,,,8,,,,,,,,,103,103,,103,0,,,,8,8,8,,,225,,0,0,225,0,8,0,,,8,,,54,,,8,0,0,0,0
621,192,,,,0,0,0,0,,,,,0,,,,,,,,,103,103,,103,0,,,,0,0,0,,,0,,225,0,0,0,0,0,,,0,,,0,,,0,0,0,0,0
622,198,,,,225,225,225,225,,,,,225,,,,,,,,,27,27,,27,225,,,,225,225,225,,,225,,0,225,225,0,225,225,,,225,,,112,,,225,0,0,0,0
623,225,,,,8,8,8,8,,,,,8,,,,,,,,,28,28,,28,0,,,,8,8,8,,,225,,0,0,225,0,8,0,,,8,,,22,,,8,0,0,0,0
624,1,,,,0,0,0,0,,,,,0,,,,,,,,,27,27,,27,0,,,,0,0,0,,,225,,0,0,225,0,0,0,,,0,,,54,,,0,0,0,0,0
625,1,,,,8,8,8,8,,,,,8,,,,,,,,,28,28,,28,0,,,,8,8,8,,,225,,0,0,225,0,8,0,,,8,,,54,,,8,0,0,0,0
626,1,,,,8,8,8,8,,,,,8,,,,,,,,,103,103,,103,0,,,,8,8,8,,,225,,0,0,225,0,8,0,,,8,,,54,,,8,0,0,0,0
627,192,,,,0,0,0,0,,,,,0,,,,,,,,,103,103,,103,0,,,,0,0,0,,,0,,225,0,0,0,0,0,,,0,,,0,,,0,0,0,0,0
628,192,,,,8,8,8,8,,,,,8,,,,,,,,,103,103,,103,0,,,,8,8,8,,,225,,0,0,225,0,8,0,,,8,,,52,,,8,0,0,0,0
629,192,,,,0,0,0,0,,,,,0,,,,,,,,,103,103,,103,0,,,,0,0,0,,,0,,225,0,0,0,0,0,,,0,,,0,,,0,0,0,0,0
630,198,,,,225,225,225,225,,,,,225,,,,,,,,,27,27,,27,225,,,,225,225,225,,,225,,0,225,225,0,225,225,,,225,,,112,,,225,0,0,0,0
631,225,,,,8,8,8,8,,,,,8,,,,,,,,,28,28,,28,0,,,,8,8,8,,,225,,0,0,225,0,8,0,,,8,,,22,,,8,0,0,0,0
632,1,,,,0,0,0,0,,,,,0,,,,,,,,,27,27,,27,0,,,,0,0,0,,,225,,0,0,225,0,0,0,,,0,,,54,,,0,0,0,0,0
633,1,,,,8,8,8,8,,,,,8,,,,,,,,,28,28,,28,0,,,,8,8,8,,,225,,0,0,225,0,8,0,,,8,,,54,,,8,0,0,0,0
634,192,,,,8,8,8,8,,,,,8,,,,,,,,,103,103,,103,0,,,,8,8,8,,,225,,0,0,225,0,8,0,,,8,,,52,,,8,0,0,0,0
635,1,,,,8,8,8,8,,,,,8,,,,,,,,,103,103,,103,0,,,,8,8,8,,,225,,0,0,225,0,8,0,,,8,,,54,,,8,0,0,0,0
636,192,,,,0,0,0,0,,,,,0,,,,,,,,,103,103,,103,0,,,,0,0,0,,,0,,225,0,0,0,0,0,,,0,,,0,,,0,0,0,0,0
637,192,,,,0,0,0,0,,,,,0,,,,,,,,,103,103,,103,0,,,,0,0,0,,,0,,225,0,0,0,0,0,,,0,,,0,,,0,0,0,0,0
638,1,,,,0,0,0,0,,,,,0,,,,,,,,,27,27,,27,0,,,,0,0,0,,,225,,0,0,225,0,0,0,,,0,,,54,,,0,0,0,0,0
639,198,,,,225,225,225,225,,,,,225,,,,,,,,,27,27,,27,225,,,,225,225,225,,,225,,0,225,225,0,225,225,,,225,,,112,,,225,0,0,0,0
640,225,,,,8,8,8,8,,,,,8,,,,,,,,,28,28,,28,0,,,,8,8,8,,,225,,0,0,225,0,8,0,,,8,,,22,,,8,0,0,0,0
641,1,,,,8,8,8,8,,,,,8,,,,,,,,,28,28,,28,0,,,,8,8,8,,,225,,0,0,225,0,8,0,,,8,,,54,,,8,0,0,0,0
642,192,,,,0,0,0,0,,,,,0,,,,,,,,,103,103,,103,0,,,,0,0,0,,,0,,225,0,0,0,0,0,,,0,,,0,,,0,0,0,0,0
643,1,,,,8,8,8,8,,,,,8,,,,,,,,,103,103,,103,0,,,,8,8,8,,,225,,0,0,225,0,8,0,,,8,,,54,,,8,0,0,0,0
644,192,,,,8,8,8,8,,,,,8,,,,,,,,,103,103,,103,0,,,,8,8,8,,,225,,0,0,225,0,8,0,,,8,,,52,,,8,0,0,0,0
645,192,,,,0,0,0,0,,,,,0,,,,,,,,,103,103,,103,0,,,,0,0,0,,,0,,225,0,0,0,0,0,,,0,,,0,,,0,0,0,0,0
646,225,,,,8,8,8,8,,,,,8,,,,,,,,,28,28,,28,0,,,,8,8,8,,,225,,0,0,225,0,8,0,,,8,,,22,,,8,0,0,0,0
647,198,,,,225,225,225,225,,,,,225,,,,,,,,,27,27,,27,225,,,,225,225,225,,,225,,0,225,225,0,225,225,,,225,,,112,,,225,0,0,0,0
648,1,,,,0,0,0,0,,,,,0,,,,,,,,,27,27,,27,0,,,,0,0,0,,,225,,0,0,225,0,0,0,,,0,,,54,,,0,0,0,0,0
649,1,,,,8,8,8,8,,,,,8,,,,,,,,,28,28,,28,0,,,,8,8,8,,,225,,0,0,225,0,8,0,,,8,,,54,,,8,0,0,0,0
650,192,,,,0,0,0,0,,,,,0,,,,,,,,,103,103,,103,0,,,,0,0,0,,,0,,225,0,0,0,0,0,,,0,,,0,,,0,0,0,0,0
651,1,,,,8,8,8,8,,,,,8,,,,,,,,,103,103,,103,0,,,,8,8,8,,,225,,0,0,225,0,8,0,,,8,,,54,,,8,0,0,0,0
652,192,,,,8,8,8,8,,,,,8,,,,,,,,,103,103,,103,0,,,,8,8,8,,,225,,0,0,225,0,8,0,,,8,,,52,,,8,0,0,0,0
653,192,,,,0,0,0,0,,,,,0,,,,,,,,,103,103,,103,0,,,,0,0,0,,,0,,225,0,0,0,0,0,,,0,,,0,,,0,0,0,0,0
654,198,,,,225,225,225,225,,,,,225,,,,,,,,,27,27,,27,225,,,,225,225,225,,,225,,0,225,225,0,225,225,,,225,,,112,,,225,0,0,0,0
655,225,,,,8,8,8,8,,,,,8,,,,,,,,,28,28,,28,0,,,,8,8,8,,,225,,0,0,225,0,8,0,,,8,,,22,,,8,0,0,0,0
656,1,,,,0,0,0,0,,,,,0,,,,,,,,,27,27,,27,0,,,,0,0,0,,,225,,0,0,225,0,0,0,,,0,,,54,,,0,0,0,0,0
657,1,,,,8,8,8,8,,,,,8,,,,,,,,,28,28,,28,0,,,,8,8,8,,,225,,0,0,225,0,8,0,,,8,,,54,,,8,0,0,0,0
658,192,,,,0,0,0,0,,,,,0,,,,,,,,,103,103,,103,0,,,,0,0,0,,,0,,225,0,0,0,0,0,,,0,,,0,,,0,0,0,0,0
659,192,,,,8,8,8,8,,,,,8,,,,,,,,,103,103,,103,0,,,,8,8,8,,,225,,0,0,225,0,8,0,,,8,,,52,,,8,0,0,0,0
660,1,,,,8,8,8,8,,,,,8,,,,,,,,,103,103,,103,0,,,,8,8,8,,,225,,0,0,225,0,8,0,,,8,,,54,,,8,0,0,0,0
661,192,,,,0,0,0,0,,,,,0,,,,,,,,,103,103,,103,0,,,,0,0,0,,,0,,225,0,0,0,0,0,,,0,,,0,,,0,0,0,0,0
662,198,,,,225,225,225,225,,,,,225,,,,,,,,,27,27,,27,225,,,,225,225,225,,,225,,0,225,225,0,225,225,,,225,,,112,,,225,0,0,0,0
663,225,,,,8,8,8,8,,,,,8,,,,,,,,,28,28,,28,0,,,,8,8,8,,,225,,0,0,225,0,8,0,,,8,,,22,,,8,0,0,0,0
664,1,,,,0,0,0,0,,,,,0,,,,,,,,,27,27,,27,0,,,,0,0,0,,,225,,0,0,225,0,0,0,,,0,,,54,,,0,0,0,0,0
665,1,,,,8,8,8,8,,,,,8,,,,,,,,,28,28,,28,0,,,,8,8,8,,,225,,0,0,225,0,8,0,,,8,,,54,,,8,0,0,0,0
666,225,,,,8,8,8,8,,,,,8,,,,,,,,,28,28,,28,0,,,,8,8,8,,,225,,0,0,225,0,8,0,,,8,,,22,,,8,0,0,0,0
667,198,,,,225,225,225,225,,,,,225,,,,,,,,,27,27,,27,225,,,,225,225,225,,,225,,0,225,225,0,225,225,,,225,,,112,,,225,0,0,0,0
668,1,,,,0,0,0,0,,,,,0,,,,,,,,,27,27,,27,0,,,,0,0,0,,,225,,0,0,225,0,0,0,,,0,,,54,,,0,0,0,0,0
669,1,,,,8,8,8,8,,,,,8,,,,,,,,,28,28,,28,0,,,,8,8,8,,,225,,0,0,225,0,8,0,,,8,,,54,,,8,0,0,0,0
670,1,,,,0,0,0,0,,,,,0,,,,,,,,,27,27,,27,0,,,,0,0,0,,,225,,0,0,225,0,0,0,,,0,,,54,,,0,0,0,0,0
671,225,,,,8,8,8,8,,,,,8,,,,,,,,,28,28,,28,0,,,,8,8,8,,,225,,0,0,225,0,8,0,,,8,,,22,,,8,0,0,0,0
672,198,,,,225,225,225,225,,,,,225,,,,,,,,,27,27,,27,225,,,,225,225,225,,,225,,0,225,225,0,225,225,,,225,,,112,,,225,0,0,0,0
673,1,,,,8,8,8,8,,,,,8,,,,,,,,,28,28,,28,0,,,,8,8,8,,,225,,0,0,225,0,8,0,,,8,,,54,,,8,0,0,0,0
674,198,,,,225,225,225,225,,,,,225,,,,,,,,,27,27,,27,225,,,,225,225,225,,,225,,0,225,225,0,225,225,,,225,,,112,,,225,0,0,0,0
675,1,,,,0,0,0,0,,,,,0,,,,,,,,,27,27,,27,0,,,,0,0,0,,,225,,0,0,225,0,0,0,,,0,,,54,,,0,0,0,0,0
676,225,,,,8,8,8,8,,,,,8,,,,,,,,,28,28,,28,0,,,,8,8,8,,,225,,0,0,225,0,8,0,,,8,,,22,,,8,0,0,0,0
677,1,,,,8,8,8,8,,,,,8,,,,,,,,,28,28,,28,0,,,,8,8,8,,,225,,0,0,225,0,8,0,,,8,,,54,,,8,0,0,0,0
678,225,,,,8,8,8,8,,,,,8,,,,,,,,,28,28,,28,0,,,,8,8,8,,,225,,0,0,225,0,8,0,,,8,,,22,,,8,0,0,0,0
679,1,,,,0,0,0,0,,,,,0,,,,,,,,,27,27,,27,0,,,,0,0,0,,,225,,0,0,225,0,0,0,,,0,,,54,,,0,0,0,0,0
680,198,,,,225,225,225,225,,,,,225,,,,,,,,,27,27,,27,225,,,,225,225,225,,,225,,0,225,225,0,225,225,,,225,,,112,,,225,0,0,0,0
681,1,,,,8,8,8,8,,,,,8,,,,,,,,,28,28,,28,0,,,,8,8,8,,,225,,0,0,225,0,8,0,,,8,,,54,,,8,0,0,0,0
682,198,,,,225,225,225,225,,,,,225,,,,,,,,,27,27,,27,225,,,,225,225,225,,,225,,0,225,225,0,225,225,,,225,,,112,,,225,0,0,0,0
683,225,,,,8,8,8,8,,,,,8,,,,,,,,,28,28,,28,0,,,,8,8,8,,,225,,0,0,225,0,8,0,,,8,,,22,,,8,0,0,0,0
684,1,,,,0,0,0,0,,,,,0,,,,,,,,,27,27,,27,0,,,,0,0,0,,,225,,0,0,225,0,0,0,,,0,,,54,,,0,0,0,0,0
685,1,,,,8,8,8,8,,,,,8,,,,,,,,,28,28,,28,0,,,,8,8,8,,,225,,0,0,225,0,8,0,,,8,,,54,,,8,0,0,0,0
686,1,,,,0,0,0,0,,,,,0,,,,,,,,,27,27,,27,0,,,,0,0,0,,,225,,0,0,225,0,0,0,,,0,,,54,,,0,0,0,0,0
687,225,,,,8,8,8,8,,,,,8,,,,,,,,,28,28,,28,0,,,,8,8,8,,,225,,0,0,225,0,8,0,,,8,,,22,,,8,0,0,0,0
688,198,,,,225,225,225,225,,,,,225,,,,,,,,,27,27,,27,225,,,,225,225,225,,,225,,0,225,225,0,225,225,,,225,,,112,,,225,0,0,0,0
689,1,,,,8,8,8,8,,,,,8,,,,,,,,,28,28,,28,0,,,,8,8,8,,,225,,0,0,225,0,8,0,,,8,,,54,,,8,0,0,0,0
690,198,,,,225,225,225,225,,,,,225,,,,,,,,,27,27,,27,225,,,,225,225,225,,,225,,0,225,225,0,225,225,,,225,,,112,,,225,0,0,0,0
691,1,,,,0,0,0,0,,,,,0,,,,,,,,,27,27,,27,0,,,,0,0,0,,,225,,0,0,225,0,0,0,,,0,,,54,,,0,0,0,0,0
692,225,,,,8,8,8,8,,,,,8,,,,,,,,,28,28,,28,0,,,,8,8,8,,,225,,0,0,225,0,8,0,,,8,,,22,,,8,0,0,0,0
693,1,,,,8,8,8,8,,,,,8,,,,,,,,,28,28,,28,0,,,,8,8,8,,,225,,0,0,225,0,8,0,,,8,,,54,,,8,0,0,0,0
694,225,,,,8,8,8,8,,,,,8,,,,,,,,,28,28,,28,0,,,,8,8,8,,,225,,0,0,225,0,8,0,,,8,,,22,,,8,0,0,0,0
695,1,,,,0,0,0,0,,,,,0,,,,,,,,,27,27,,27,0,,,,0,0,0,,,225,,0,0,225,0,0,0,,,0,,,54,,,0,0,0,0,0
696,198,,,,225,225,225,225,,,,,225,,,,,,,,,27,27,,27,225,,,,225,225,225,,,225,,0,225,225,0,225,225,,,225,,,112,,,225,0,0,0,0
697,1,,,,8,8,8,8,,,,,8,,,,,,,,,28,28,,28,0,,,,8,8,8,,,225,,0,0,225,0,8,0,,,8,,,54,,,8,0,0,0,0
698,198,,,,225,225,225,225,,,,,225,,,,,,,,,27,27,,27,225,,,,225,225,225,,,225,,0,225,225,0,225,225,,,225,,,112,,,225,0,0,0,0
699,1,,,,0,0,0,0,,,,,0,,,,,,,,,27,27,,27,0,,,,0,0,0,,,225,,0,0,225,0,0,0,,,0,,,54,,,0,0,0,0,0
700,225,,,,8,8,8,8,,,,,8,,,,,,,,,28,28,,28,0,,,,8,8,8,,,225,,0,0,225,0,8,0,,,8,,,22,,,8,0,0,0,0
701,1,,,,8,8,8,8,,,,,8,,,,,,,,,28,28,,28,0,,,,8,8,8,,,225,,0,0,225,0,8,0,,,8,,,54,,,8,0,0,0,0
702,1,,,,0,0,0,0,,,,,0,,,,,,,,,27,27,,27,0,,,,0,0,0,,,225,,0,0,225,0,0,0,,,0,,,54,,,0,0,0,0,0
703,198,,,,225,225,225,225,,,,,225,,,,,,,,,27,27,,27,225,,,,225,225,225,,,225,,0,225,225,0,225,225,,,225,,,112,,,225,0,0,0,0
704,225,,,,8,8,8,8,,,,,8,,,,,,,,,28,28,,28,0,,,,8,8,8,,,225,,0,0,225,0,8,0,,,8,,,22,,,8,0,0,0,0
705,1,,,,8,8,8,8,,,,,8,,,,,,,,,28,28,,28,0,,,,8,8,8,,,225,,0,0,225,0,8,0,,,8,,,54,,,8,0,0,0,0
706,198,,,,225,225,225,225,,,,,225,,,,,,,,,27,27,,27,225,,,,225,225,225,,,225,,0,225,225,0,225,225,,,225,,,112,,,225,0,0,0,0
707,225,,,,8,8,8,8,,,,,8,,,,,,,,,28,28,,28,0,,,,8,8,8,,,225,,0,0,225,0,8,0,,,8,,,22,,,8,0,0,0,0
708,1,,,,0,0,0,0,,,,,0,,,,,,,,,27,27,,27,0,,,,0,0,0,,,225,,0,0,225,0,0,0,,,0,,,54,,,0,0,0,0,0
709,1,,,,8,8,8,8,,,,,8,,,,,,,,,28,28,,28,0,,,,8,8,8,,,225,,0,0,225,0,8,0,,,8,,,54,,,8,0,0,0,0
710,198,,,,225,225,225,225,,,,,225,,,,,,,,,27,27,,27,225,,,,225,225,225,,,225,,0,225,225,0,225,225,,,225,,,112,,,225,0,0,0,0
711,1,,,,0,0,0,0,,,,,0,,,,,,,,,27,27,,27,0,,,,0,0,0,,,225,,0,0,225,0,0,0,,,0,,,54,,,0,0,0,0,0
712,225,,,,8,8,8,8,,,,,8,,,,,,,,,28,28,,28,0,,,,8,8,8,,,225,,0,0,225,0,8,0,,,8,,,22,,,8,0,0,0,0
713,1,,,,8,8,8,8,,,,,8,,,,,,,,,28,28,,28,0,,,,8,8,8,,,225,,0,0,225,0,8,0,,,8,,,54,,,8,0,0,0,0
714,1,,,,0,0,0,0,,,,,0,,,,,,,,,27,27,,27,0,,,,0,0,0,,,225,,0,0,225,0,0,0,,,0,,,54,,,0,0,0,0,0
715,198,,,,225,225,225,225,,,,,225,,,,,,,,,27,27,,27,225,,,,225,225,225,,,225,,0,225,225,0,225,225,,,225,,,112,,,225,0,0,0,0
716,225,,,,8,8,8,8,,,,,8,,,,,,,,,28,28,,28,0,,,,8,8,8,,,225,,0,0,225,0,8,0,,,8,,,22,,,8,0,0,0,0
717,1,,,,8,8,8,8,,,,,8,,,,,,,,,28,28,,28,0,,,,8,8,8,,,225,,0,0,225,0,8,0,,,8,,,54,,,8,0,0,0,0
718,1,,,,0,0,0,0,,,,,0,,,,,,,,,27,27,,27,0,,,,0,0,0,,,225,,0,0,225,0,0,0,,,0,,,54,,,0,0,0,0,0
719,225,,,,8,8,8,8,,,,,8,,,,,,,,,28,28,,28,0,,,,8,8,8,,,225,,0,0,225,0,8,0,,,8,,,22,,,8,0,0,0,0
720,198,,,,225,225,225,225,,,,,225,,,,,,,,,27,27,,27,225,,,,225,225,225,,,225,,0,225,225,0,225,225,,,225,,,112,,,225,0,0,0,0
721,1,,,,8,8,8,8,,,,,8,,,,,,,,,28,28,,28,0,,,,8,8,8,,,225,,0,0,225,0,8,0,,,8,,,54,,,8,0,0,0,0
722,1,,,,0,0,0,0,,,,,0,,,,,,,,,27,27,,27,0,,,,0,0,0,,,225,,0,0,225,0,0,0,,,0,,,54,,,0,0,0,0,0
723,225,,,,8,8,8,8,,,,,8,,,,,,,,,28,28,,28,0,,,,8,8,8,,,225,,0,0,225,0,8,0,,,8,,,22,,,8,0,0,0,0
724,198,,,,225,225,225,225,,,,,225,,,,,,,,,27,27,,27,225,,,,225,225,225,,,225,,0,225,225,0,225,225,,,225,,,112,,,225,0,0,0,0
725,1,,,,8,8,8,8,,,,,8,,,,,,,,,28,28,,28,0,,,,8,8,8,,,225,,0,0,225,0,8,0,,,8,,,54,,,8,0,0,0,0
726,1,,,,0,0,0,0,,,,,0,,,,,,,,,27,27,,27,0,,,,0,0,0,,,225,,0,0,225,0,0,0,,,0,,,54,,,0,0,0,0,0
727,198,,,,225,225,225,225,,,,,225,,,,,,,,,27,27,,27,225,,,,225,225,225,,,225,,0,225,225,0,225,225,,,225,,,112,,,225,0,0,0,0
728,225,,,,8,8,8,8,,,,,8,,,,,,,,,28,28,,28,0,,,,8,8,8,,,225,,0,0,225,0,8,0,,,8,,,22,,,8,0,0,0,0
729,1,,,,8,8,8,8,,,,,8,,,,,,,,,28,28,,28,0,,,,8,8,8,,,225,,0,0,225,0,8,0,,,8,,,54,,,8,0,0,0,0
730,1,,,,0,0,0,0,,,,,0,,,,,,,,,27,27,,27,0,,,,0,0,0,,,225,,0,0,225,0,0,0,,,0,,,54,,,0,0,0,0,0
731,225,,,,8,8,8,8,,,,,8,,,,,,,,,28,28,,28,0,,,,8,8,8,,,225,,0,0,225,0,8,0,,,8,,,22,,,8,0,0,0,0
732,198,,,,225,225,225,225,,,,,225,,,,,,,,,27,27,,27,225,,,,225,225,225,,,225,,0,225,225,0,225,225,,,225,,,112,,,225,0,0,0,0
733,1,,,,8,8,8,8,,,,,8,,,,,,,,,28,28,,28,0,,,,8,8,8,,,225,,0,0,225,0,8,0,,,8,,,54,,,8,0,0,0,0
734,1,,,,0,0,0,0,,,,,0,,,,,,,,,27,27,,27,0,,,,0,0,0,,,225,,0,0,225,0,0,0,,,0,,,54,,,0,0,0,0,0
735,225,,,,8,8,8,8,,,,,8,,,,,,,,,28,28,,28,0,,,,8,8,8,,,225,,0,0,225,0,8,0,,,8,,,22,,,8,0,0,0,0
736,198,,,,225,225,225,225,,,,,225,,,,,,,,,27,27,,27,225,,,,225,225,225,,,225,,0,225,225,0,225,225,,,225,,,112,,,225,0,0,0,0
737,1,,,,8,8,8,8,,,,,8,,,,,,,,,28,28,,28,0,,,,8,8,8,,,225,,0,0,225,0,8,0,,,8,,,54,,,8,0,0,0,0
738,198,,,,225,225,225,225,,,,,225,,,,,,,,,27,27,,27,225,,,,225,225,225,,,225,,0,225,225,0,225,225,,,225,,,112,,,225,0,0,0,0
739,225,,,,8,8,8,8,,,,,8,,,,,,,,,28,28,,28,0,,,,8,8,8,,,225,,0,0,225,0,8,0,,,8,,,22,,,8,0,0,0,0
740,1,,,,0,0,0,0,,,,,0,,,,,,,,,27,27,,27,0,,,,0,0,0,,,225,,0,0,225,0,0,0,,,0,,,54,,,0,0,0,0,0
741,1,,,,8,8,8,8,,,,,8,,,,,,,,,28,28,,28,0,,,,8,8,8,,,225,,0,0,225,0,8,0,,,8,,,54,,,8,0,0,0,0
742,1,,,,0,0,0,0,,,,,0,,,,,,,,,27,27,,27,0,,,,0,0,0,,,225,,0,0,225,0,0,0,,,0,,,54,,,0,0,0,0,0
743,198,,,,225,225,225,225,,,,,225,,,,,,,,,27,27,,27,225,,,,225,225,225,,,225,,0,225,225,0,225,225,,,225,,,112,,,225,0,0,0,0
744,225,,,,8,8,8,8,,,,,8,,,,,,,,,28,28,,28,0,,,,8,8,8,,,225,,0,0,225,0,8,0,,,8,,,22,,,8,0,0,0,0
745,1,,,,8,8,8,8,,,,,8,,,,,,,,,28,28,,28,0,,,,8,8,8,,,225,,0,0,225,0,8,0,,,8,,,54,,,8,0,0,0,0
746,1,,,,0,0,0,0,,,,,0,,,,,,,,,27,27,,27,0,,,,0,0,0,,,225,,0,0,225,0,0,0,,,0,,,54,,,0,0,0,0,0
747,225,,,,8,8,8,8,,,,,8,,,,,,,,,28,28,,28,0,,,,8,8,8,,,225,,0,0,225,0,8,0,,,8,,,22,,,8,0,0,0,0
748,198,,,,225,225,225,225,,,,,225,,,,,,,,,27,27,,27,225,,,,225,225,225,,,225,,0,225,225,0,225,225,,,225,,,112,,,225,0,0,0,0
749,1,,,,8,8,8,8,,,,,8,,,,,,,,,28,28,,28,0,,,,8,8,8,,,225,,0,0,225,0,8,0,,,8,,,54,,,8,0,0,0,0
750,225,,,,8,8,8,8,,,,,8,,,,,,,,,28,28,,28,0,,,,8,8,8,,,225,,0,0,225,0,8,0,,,8,,,22,,,8,0,0,0,0
751,198,,,,225,225,225,225,,,,,225,,,,,,,,,27,27,,27,225,,,,225,225,225,,,225,,0,225,225,0,225,225,,,225,,,112,,,225,0,0,0,0
752,1,,,,0,0,0,0,,,,,0,,,,,,,,,27,27,,27,0,,,,0,0,0,,,225,,0,0,225,0,0,0,,,0,,,54,,,0,0,0,0,0
753,1,,,,8,8,8,8,,,,,8,,,,,,,,,28,28,,28,0,,,,8,8,8,,,225,,0,0,225,0,8,0,,,8,,,54,,,8,0,0,0,0
754,198,,,,225,225,225,225,,,,,225,,,,,,,,,27,27,,27,225,,,,225,225,225,,,225,,0,225,225,0,225,225,,,225,,,112,,,225,0,0,0,0
755,1,,,,0,0,0,0,,,,,0,,,,,,,,,27,27,,27,0,,,,0,0,0,,,225,,0,0,225,0,0,0,,,0,,,54,,,0,0,0,0,0
756,225,,,,8,8,8,8,,,,,8,,,,,,,,,28,28,,28,0,,,,8,8,8,,,225,,0,0,225,0,8,0,,,8,,,22,,,8,0,0,0,0
757,1,,,,8,8,8,8,,,,,8,,,,,,,,,28,28,,28,0,,,,8,8,8,,,225,,0,0,225,0,8,0,,,8,,,54,,,8,0,0,0,0
758,1,,,,0,0,0,0,,,,,0,,,,,,,,,27,27,,27,0,,,,0,0,0,,,225,,0,0,225,0,0,0,,,0,,,54,,,0,0,0,0,0
759,198,,,,225,225,225,225,,,,,225,,,,,,,,,27,27,,27,225,,,,225,225,225,,,225,,0,225,225,0,225,225,,,225,,,112,,,225,0,0,0,0
760,225,,,,8,8,8,8,,,,,8,,,,,,,,,28,28,,28,0,,,,8,8,8,,,225,,0,0,225,0,8,0,,,8,,,22,,,8,0,0,0,0
761,1,,,,8,8,8,8,,,,,8,,,,,,,,,28,28,,28,0,,,,8,8,8,,,225,,0,0,225,0,8,0,,,8,,,54,,,8,0,0,0,0
762,198,,,,225,225,225,225,,,,,225,,,,,,,,,27,27,,27,225,,,,225,225,225,,,225,,0,225,225,0,225,225,,,225,,,112,,,225,0,0,0,0
763,1,,,,0,0,0,0,,,,,0,,,,,,,,,27,27,,27,0,,,,0,0,0,,,225,,0,0,225,0,0,0,,,0,,,54,,,0,0,0,0,0
764,225,,,,8,8,8,8,,,,,8,,,,,,,,,28,28,,28,0,,,,8,8,8,,,225,,0,0,225,0,8,0,,,8,,,22,,,8,0,0,0,0
765,1,,,,8,8,8,8,,,,,8,,,,,,,,,28,28,,28,0,,,,8,8,8,,,225,,0,0,225,0,8,0,,,8,,,54,,,8,0,0,0,0
766,172,,,,8,8,8,8,,,,,8,,,,,,,,,1,1,,1,0,,,,8,8,8,,,225,,0,0,225,0,8,0,,,8,,,55,,,8,0,0,0,0
767,0,,,,8,8,8,8,,,,,8,,,,,,,,,1,1,,1,0,,,,8,8,8,,,225,,0,0,225,0,8,0,,,8,,,54,,,8,0,0,0,0
768,172,,,,8,8,8,8,,,,,8,,,,,,,,,1,1,,1,0,,,,8,8,8,,,225,,0,0,225,0,8,0,,,8,,,55,,,8,0,0,0,0
769,0,,,,8,8,8,8,,,,,8,,,,,,,,,1,1,,1,0,,,,8,8,8,,,225,,0,0,225,0,8,0,,,8,,,54,,,8,0,0,0,0
770,172,,,,8,8,8,8,,,,,8,,,,,,,,,1,1,,1,0,,,,8,8,8,,,225,,0,0,225,0,8,0,,,8,,,55,,,8,0,0,0,0
771,0,,,,8,8,8,8,,,,,8,,,,,,,,,1,1,,1,0,,,,8,8,8,,,225,,0,0,225,0,8,0,,,8,,,54,,,8,0,0,0,0
772,1,,,,0,0,0,0,,,,,0,,,,,,,,,0,0,,0,0,,,,0,0,0,,,225,,0,0,225,0,0,0,,,0,,,54,,,0,0,0,0,0
773,197,,,,225,225,225,225,,,,,225,,,,,,,,,0,0,,0,225,,,,225,225,225,,,225,,0,225,225,0,225,225,,,225,,,225,,,225,0,0,0,0
774,0,,,,8,8,8,8,,,,,8,,,,,,,,,1,1,,1,0,,,,8,8,8,,,225,,0,0,225,0,8,0,,,8,,,54,,,8,0,0,0,0
775,172,,,,8,8,8,8,,,,,8,,,,,,,,,1,1,,1,0,,,,8,8,8,,,225,,0,0,225,0,8,0,,,8,,,55,,,8,0,0,0,0
776,1,,,,0,0,0,0,,,,,0,,,,,,,,,27,27,,27,0,,,,0,0,0,,,225,,0,0,225,0,0,0,,,0,,,54,,,0,0,0,0,0
777,225,,,,8,8,8,8,,,,,8,,,,,,,,,28,28,,28,0,,,,8,8,8,,,225,,0,0,225,0,8,0,,,8,,,22,,,8,0,0,0,0
778,198,,,,225,225,225,225,,,,,225,,,,,,,,,27,27,,27,225,,,,225,225,225,,,225,,0,225,225,0,225,225,,,225,,,112,,,225,0,0,0,0
779,1,,,,8,8,8,8,,,,,8,,,,,,,,,28,28,,28,0,,,,8,8,8,,,225,,0,0,225,0,8,0,,,8,,,54,,,8,0,0,0,0
780,198,,,,225,225,225,225,,,,,225,,,,,,,,,27,27,,27,225,,,,225,225,225,,,225,,0,225,225,0,225,225,,,225,,,112,,,225,0,0,0,0
781,1,,,,0,0,0,0,,,,,0,,,,,,,,,27,27,,27,0,,,,0,0,0,,,225,,0,0,225,0,0,0,,,0,,,54,,,0,0,0,0,0
782,225,,,,8,8,8,8,,,,,8,,,,,,,,,28,28,,28,0,,,,8,8,8,,,225,,0,0,225,0,8,0,,,8,,,22,,,8,0,0,0,0
783,1,,,,8,8,8,8,,,,,8,,,,,,,,,28,28,,28,0,,,,8,8,8,,,225,,0,0,225,0,8,0,,,8,,,54,,,8,0,0,0,0
784,198,,,,225,225,225,225,,,,,225,,,,,,,,,27,27,,27,225,,,,225,225,225,,,225,,0,225,225,0,225,225,,,225,,,112,,,225,0,0,0,0
785,1,,,,0,0,0,0,,,,,0,,,,,,,,,27,27,,27,0,,,,0,0,0,,,225,,0,0,225,0,0,0,,,0,,,54,,,0,0,0,0,0
786,225,,,,8,8,8,8,,,,,8,,,,,,,,,28,28,,28,0,,,,8,8,8,,,225,,0,0,225,0,8,0,,,8,,,22,,,8,0,0,0,0
787,1,,,,8,8,8,8,,,,,8,,,,,,,,,28,28,,28,0,,,,8,8,8,,,225,,0,0,225,0,8,0,,,8,,,54,,,8,0,0,0,0
788,198,,,,225,225,225,225,,,,,225,,,,,,,,,27,27,,27,225,,,,225,225,225,,,225,,0,225,225,0,225,225,,,225,,,112,,,225,0,0,0,0
789,225,,,,8,8,8,8,,,,,8,,,,,,,,,28,28,,28,0,,,,8,8,8,,,225,,0,0,225,0,8,0,,,8,,,22,,,8,0,0,0,0
790,1,,,,0,0,0,0,,,,,0,,,,,,,,,27,27,,27,0,,,,0,0,0,,,225,,0,0,225,0,0,0,,,0,,,54,,,0,0,0,0,0
791,1,,,,8,8,8,8,,,,,8,,,,,,,,,28,28,,28,0,,,,8,8,8,,,225,,0,0,225,0,8,0,,,8,,,54,,,8,0,0,0,0
792,198,,,,225,225,225,225,,,,,225,,,,,,,,,27,27,,27,225,,,,225,225,225,,,225,,0,225,225,0,225,225,,,225,,,112,,,225,0,0,0,0
793,1,,,,0,0,0,0,,,,,0,,,,,,,,,27,27,,27,0,,,,0,0,0,,,225,,0,0,225,0,0,0,,,0,,,54,,,0,0,0,0,0
794,225,,,,8,8,8,8,,,,,8,,,,,,,,,28,28,,28,0,,,,8,8,8,,,225,,0,0,225,0,8,0,,,8,,,22,,,8,0,0,0,0
795,1,,,,8,8,8,8,,,,,8,,,,,,,,,28,28,,28,0,,,,8,8,8,,,225,,0,0,225,0,8,0,,,8,,,54,,,8,0,0,0,0
796,225,,,,8,8,8,8,,,,,8,,,,,,,,,28,28,,28,0,,,,8,8,8,,,225,,0,0,225,0,8,0,,,8,,,22,,,8,0,0,0,0
797,198,,,,225,225,225,225,,,,,225,,,,,,,,,27,27,,27,225,,,,225,225,225,,,225,,0,225,225,0,225,225,,,225,,,112,,,225,0,0,0,0
798,1,,,,0,0,0,0,,,,,0,,,,,,,,,27,27,,27,0,,,,0,0,0,,,225,,0,0,225,0,0,0,,,0,,,54,,,0,0,0,0,0
799,1,,,,8,8,8,8,,,,,8,,,,,,,,,28,28,,28,0,,,,8,8,8,,,225,,0,0,225,0,8,0,,,8,,,54,,,8,0,0,0,0
